annee_numero_de_tirage;jour_de_tirage;date_de_tirage;numéro_de_tirage_dans_le_cycle;date_de_forclusion;boule_1;boule_2;boule_3;boule_4;boule_5;etoile_1;etoile_2;boules_gagnantes_en_ordre_croissant;etoiles_gagnantes_en_ordre_croissant;nombre_de_gagnant_au_rang1_Euro_Millions_en_france;nombre_de_gagnant_au_rang1_Euro_Millions_en_europe;rapport_du_rang1_Euro_Millions;nombre_de_gagnant_au_rang2_Euro_Millions_en_france;nombre_de_gagnant_au_rang2_Euro_Millions_en_europe;rapport_du_rang2_Euro_Millions;nombre_de_gagnant_au_rang3_Euro_Millions_en_france;nombre_de_gagnant_au_rang3_Euro_Millions_en_europe;rapport_du_rang3_Euro_Millions;nombre_de_gagnant_au_rang4_Euro_Millions_en_france;nombre_de_gagnant_au_rang4_Euro_Millions_en_europe;rapport_du_rang4_Euro_Millions;nombre_de_gagnant_au_rang5_Euro_Millions_en_france;nombre_de_gagnant_au_rang5_Euro_Millions_en_europe;rapport_du_rang5_Euro_Millions;nombre_de_gagnant_au_rang6_Euro_Millions_en_france;nombre_de_gagnant_au_rang6_Euro_Millions_en_europe;rapport_du_rang6_Euro_Millions;nombre_de_gagnant_au_rang7_Euro_Millions_en_france;nombre_de_gagnant_au_rang7_Euro_Millions_en_europe;rapport_du_rang7_Euro_Millions;nombre_de_gagnant_au_rang8_Euro_Millions_en_france;nombre_de_gagnant_au_rang8_Euro_Millions_en_europe;rapport_du_rang8_Euro_Millions;nombre_de_gagnant_au_rang9_Euro_Millions_en_france;nombre_de_gagnant_au_rang9_Euro_Millions_en_europe;rapport_du_rang9_Euro_Millions;nombre_de_gagnant_au_rang10_Euro_Millions_en_france;nombre_de_gagnant_au_rang10_Euro_Millions_en_europe;rapport_du_rang10_Euro_Millions;nombre_de_gagnant_au_rang11_Euro_Millions_en_france;nombre_de_gagnant_au_rang11_Euro_Millions_en_europe;rapport_du_rang11_Euro_Millions;nombre_de_gagnant_au_rang12_Euro_Millions_en_france;nombre_de_gagnant_au_rang12_Euro_Millions_en_europe;rapport_du_rang12_Euro_Millions;nombre_de_gagnant_au_rang13_Euro_Millions_en_france;nombre_de_gagnant_au_rang13_Euro_Millions_en_europe;rapport_du_rang13_Euro_Millions;nombre_de_gagnant_au_rang1_Etoile+;rapport_du_rang1_Etoile+;nombre_de_gagnant_au_rang2_Etoile+;rapport_du_rang2_Etoile+;nombre_de_gagnant_au_rang3_Etoile+;rapport_du_rang3_Etoile+;nombre_de_gagnant_au_rang4_Etoile+;rapport_du_rang4_Etoile+;nombre_de_gagnant_au_rang5_Etoile+;rapport_du_rang5_Etoile+;nombre_de_gagnant_au_rang6_Etoile+;rapport_du_rang6_Etoile+;nombre_de_gagnant_au_rang7_Etoile+;rapport_du_rang7_Etoile+;nombre_de_gagnant_au_rang8_Etoile+;rapport_du_rang8_Etoile+;nombre_de_gagnant_au_rang9_Etoile+;rapport_du_rang9_Etoile+;nombre_de_gagnant_au_rang10_Etoile+;rapport_du_rang10_Etoile+;numero_My_Million;numero_Tirage_Exceptionnel_Euro_Million
20200010;MARDI   ;04/02/2020;3;05/04/2020;35;21;33;23;47;6;7;-21-23-33-35-47-;-6-7-;0;0;0;0;4;155596,4;0;9;16162,4;4;47;963,9;97;659;126,6;278;1573;56;222;1461;42,4;3826;22081;14;5207;32479;10,6;9613;61757;10,4;20273;116314;6,7;80717;473901;5,1;144653;910511;4,3;0;0;1;1350,4;34;22;80;9,3;1192;1,5;1706;2,9;6533;3,6;11927;9,1;25985;2,3;261869;2;JF 573 7673;
20200011;VENDREDI;07/02/2020;Super Jackpot et tirages suivants;08/04/2020;17;15;9;25;40;9;3;-9-15-17-25-40-;-3-9-;0;1;130000000;3;10;130443,5;1;21;14517,5;33;125;759,6;351;1753;99,7;1122;4818;38,3;758;3470;37,4;15264;64186;10,1;17574;78373;9,2;35075;154867;8,7;74755;316390;5,1;240147;1051780;4,8;491544;2131657;3,8;2;996,3;8;199,2;91;21,8;347;5,7;4731;1;5490;2,4;23186;2,7;34382;8,4;74820;2,1;577805;2,5;PX 206 8108;
20200012;MARDI   ;11/02/2020;1;12/04/2020;43;26;24;32;46;6;10;-24-26-32-43-46-;-6-10-;0;1;17000000;1;5;105507,3;0;5;24658,7;3;22;1745,5;93;441;160,4;210;1016;73,6;232;1073;48,9;2822;15248;17,2;4476;21754;13,4;9566;49845;10,9;15585;82255;8;63583;319038;6,5;142757;745826;4,4;0;0;0;0;42;53,1;79;10;991;2;1582;3,3;5586;4,4;10009;11,6;22658;2,9;238130;2,4;VQ 986 5562;
20200013;VENDREDI;14/02/2020;1;15/04/2020;5;35;20;41;49;10;6;-5-20-35-41-49-;-6-10-;0;0;0;1;3;244264,1;1;6;28544,2;3;22;2424,7;100;622;157,9;277;1413;73,5;306;1573;46,4;4027;20251;18;5845;27721;14,6;14149;67779;11,1;24351;114200;8;95066;433629;6,6;232793;1067373;4,3;0;0;0;0;35;95,8;117;10,2;1408;2,1;2025;3,9;8757;4,3;15773;11;33374;2,9;354316;2,4;MO 198 0573;
20200014;MARDI   ;18/02/2020;2;19/04/2020;34;32;11;38;47;10;2;-11-32-34-38-47-;-2-10-;0;0;0;0;2;262027,4;1;3;40826,7;3;22;1734;75;432;162,6;237;1051;70,6;194;1084;48,1;3073;14720;17,7;3916;21333;13,6;9325;51032;10,6;17320;81867;8;59434;313390;6,5;141417;752328;4,4;0;0;1;1483,5;24;34,3;80;10,3;1170;1,7;1488;3,7;6728;3,8;12221;9,8;22254;3;248114;2,4;NA 431 6997;
20200015;VENDREDI;21/02/2020;3;22/04/2020;32;23;30;45;7;5;9;-7-23-30-32-45-;-5-9-;0;0;0;1;4;183306,6;2;6;28561,1;14;64;834;192;1075;91,4;395;2748;37,8;401;1893;38,5;6384;35431;10,3;8177;41353;9,8;17339;83014;9,1;34181;180129;5;114601;578223;5;240724;1158067;4;0;0;5;402,8;60;18,6;131;8,5;2083;1,3;2864;2,6;11264;3,1;18536;8,8;39409;2,3;337500;2,4;RE 501 9639;
20200016;MARDI   ;25/02/2020;4;26/04/2020;4;42;18;27;1;6;4;-1-4-18-27-42-;-4-6-;0;0;0;0;2;283293,4;0;4;33105,1;10;41;1005,9;151;698;108,8;449;1862;43,1;352;1551;36,3;6194;25527;11;6922;31969;9,8;13918;66345;8,8;28941;126041;5,6;92196;437820;5,1;190199;928177;3,8;0;0;5;312,1;67;12,9;157;5,5;2348;0,9;2627;2,2;10602;2,5;15607;8,1;34304;2;246971;2,5;OQ 161 5938;
20200017;VENDREDI;28/02/2020;5;29/04/2020;8;11;23;20;22;4;3;-8-11-20-22-23-;-3-4-;0;1;67084644;1;4;197637,5;1;6;30794;18;86;669,1;350;1460;72,6;494;2458;45,5;644;2778;28,3;6382;31146;12,6;12964;56318;7,7;24659;110228;7,4;28327;142449;6,9;156684;718242;4,3;299898;1408162;3,5;0;0;5;419,1;116;10;164;7;2091;1,3;4363;1,7;9675;3,7;14037;12,1;53122;1,8;339607;2,4;JI 004 5663;
20200018;MARDI   ;03/03/2020;1;03/05/2020;27;44;4;14;45;10;1;-4-14-27-44-45-;-1-10-;0;0;0;1;2;250722,9;3;8;14649,5;10;31;1177,5;105;515;130,5;205;942;75,4;239;1323;37,7;2573;12916;19,3;4267;21927;12,7;11853;60320;8,5;13470;69504;9;62072;311126;6,3;169129;849665;3,7;1;746,3;4;149,2;38;19,6;64;11,6;988;1,8;1567;3,1;5025;4,6;8320;13;22599;2,7;196089;2,7;FW 423 7925;
20200019;VENDREDI;06/03/2020;2;06/05/2020;15;43;38;45;46;11;1;-15-38-43-45-46-;-1-11-;0;0;0;0;3;233153,1;0;2;81737,5;4;24;2121,6;69;454;206,6;217;1195;82,9;234;1239;56,2;3214;17365;20;4417;24578;15,8;11602;61429;11,7;18405;98569;8,8;69935;375415;7,3;186511;960898;4,6;0;0;1;1821,9;19;53,2;77;13,1;1135;2,2;1523;4,4;6493;4,9;12454;11,8;24045;3,4;281164;2,6;MU 910 9419;
20200020;MARDI   ;10/03/2020;3;10/05/2020;23;43;30;11;37;5;12;-11-23-30-37-43-;-5-12-;0;0;0;1;4;132535,6;5;11;11263,9;10;30;1286,4;125;618;115;185;978;76,8;299;1393;37,9;2433;13649;19,3;4725;25024;11,7;12233;60287;9;12982;72480;9,1;66613;352601;5,9;174611;865052;3,8;1;756,7;3;201,8;39;19,4;63;12;863;2,1;1614;3,1;4530;5,2;8031;13,7;23095;2,7;205242;2,6;PZ 739 9603;
20200021;VENDREDI;13/03/2020;4;13/05/2020;21;3;11;36;27;10;9;-3-11-21-27-36-;-9-10-;0;0;0;1;5;159677,5;3;10;18659,6;8;28;2075,7;269;1050;101,9;363;1458;77,6;605;2496;31,8;5001;21469;18,5;11144;43876;10,1;27439;107944;7,6;25756;108210;9,2;150457;586799;5,3;371375;1433503;3,5;0;0;3;807,9;91;14,7;102;13,2;1637;2;3525;2,5;8319;5;13443;14,6;47778;2,3;369298;2,6;OZ 957 7619;
20200022;MARDI   ;17/03/2020;5;17/05/2020;5;7;16;8;20;12;2;-5-7-8-16-20-;-2-12-;0;1;63600033;0;1;404531,9;4;10;9454,5;7;20;1472,4;198;663;81,8;211;909;63;543;1871;21,5;2651;11361;17,7;6485;24878;9;17750;65329;6,4;11916;56137;9;73342;308690;5,1;198269;802072;3,2;0;0;3;387,4;83;7,7;59;10,9;984;1,6;2382;1,8;4370;4,6;6635;14,2;25916;2;158797;2,9;EY 698 5252;
20200023;VENDREDI;20/03/2020;1;20/05/2020;40;9;20;34;3;6;12;-3-9-20-34-40-;-6-12-;1;1;17000000;0;1;410858,5;1;5;19204,8;3;17;1759,3;87;372;148,1;117;646;90,1;221;1026;39,8;2050;10259;19,9;3598;17906;12,7;10256;48304;8,7;10847;54381;9,4;53601;257346;6,3;154505;705250;3,7;0;0;0;0;28;61,8;47;13,1;776;1,9;1197;3,4;4057;4,8;6852;13,1;18119;2,8;157956;2,8;DQ 754 7123;
20200024;MARDI   ;24/03/2020;1;24/05/2020;33;12;7;26;30;11;10;-7-12-26-30-33-;-10-11-;0;0;0;0;0;0;1;7;50422,7;1;14;1487,6;87;342;112,1;125;517;78,4;252;984;28,9;1458;7338;19,4;2919;13096;12,1;10802;41534;7,1;7204;38881;9,2;39585;181198;6,2;137600;559969;3,2;0;0;1;817,7;37;12,2;42;10,8;487;2,3;1044;2,9;2510;5,7;3783;17,5;13990;2,6;102953;3,2;IW 207 3107;
20200025;VENDREDI;27/03/2020;2;27/05/2020;14;41;27;46;11;3;2;-11-14-27-41-46-;-2-3-;0;0;0;0;3;134054,9;1;4;23498,1;3;11;2661,4;102;515;104,7;161;811;70,2;202;922;43,4;2748;12637;15,8;4760;20959;10,6;8895;40640;10,2;14485;68974;7,3;71085;309679;5,1;131050;594393;4,3;0;0;3;376,1;31;20,2;45;13,9;886;1,7;1528;2,7;4730;4,1;7953;11,5;23011;2,2;211511;2,1;EQ 601 1758;
20200026;MARDI   ;31/03/2020;3;31/05/2020;30;12;17;24;36;9;1;-12-17-24-30-36-;-1-9-;0;0;0;0;0;0;1;8;48887,1;4;20;1153,8;91;447;95,1;221;883;50,8;233;1017;31;2860;12204;12,9;3944;17399;10,1;9196;40152;8,1;14397;62225;6,3;51907;231617;5,4;120194;537703;3,7;0;0;2;442,1;29;16,9;77;6,3;949;1,2;1377;2,3;4665;3,3;7601;9,4;17633;2,2;135411;2,6;GO 523 3393;
20200027;VENDREDI;03/04/2020;4;03/06/2020;50;16;34;19;46;2;6;-16-19-34-46-50-;-2-6-;0;0;0;0;1;436604,6;0;1;102041,7;10;27;1177,1;83;395;148,2;222;957;64,6;154;862;50,4;3649;16390;13,2;3601;18322;13,2;7629;39155;11,5;22408;94506;5,7;62074;288016;5,9;128638;615452;4,5;0;0;3;415,6;27;25,6;84;8,2;1179;1,4;1142;4;7313;2,9;13574;7,4;20687;2,7;228328;2,2;ST 896 1391;
20200028;MARDI   ;07/04/2020;5;07/06/2020;33;14;4;48;5;7;12;-4-5-14-33-48-;-7-12-;0;0;0;1;3;115795,1;0;2;40594,8;1;8;3161;62;293;158,9;134;580;84,9;155;722;47,9;1962;8985;19,2;3269;14646;13,1;7709;35661;10;10466;48459;8,9;53752;232864;5,8;124938;557176;3,9;1;560,7;0;0;30;33,6;47;11,9;692;2;1168;3,2;3719;4,7;6097;13,4;18784;2,4;159077;2,5;IB 144 9020;
20200029;VENDREDI;10/04/2020;6;09/08/2020;33;17;3;39;10;1;4;-3-10-17-33-39-;-1-4-;0;0;0;0;0;0;0;6;97603,5;3;27;1279,8;113;621;102,5;247;1122;59,9;340;1499;31,5;3718;15836;14,9;6031;25977;10,1;14268;61580;7,9;19161;81248;7,3;86858;361603;5,1;198160;837155;3,6;0;0;1;1425,2;35;22,6;92;8,6;1226;1,6;1910;2,7;6197;4;10184;11,3;28324;2,3;222943;2,5;CK 238 9831;
20200030;MARDI   ;14/04/2020;7;13/08/2020;40;34;29;6;35;11;4;-6-29-34-35-40-;-4-11-;0;0;0;0;1;357319,7;0;0;0;1;11;9956,6;52;249;192,4;96;580;87,3;140;630;56,5;1764;9521;18,6;2548;12558;15,8;6130;29444;12,5;11053;56431;7,9;42425;205136;6,8;105120;488245;4,6;0;0;0;0;16;101,2;29;19,9;613;2,3;913;4,2;3877;4,7;7147;11,8;14584;3,2;164942;2,5;RY 887 0333;
20200031;VENDREDI;17/04/2020;8;16/08/2020;37;32;45;28;16;1;11;-16-28-32-37-45-;-1-11-;0;1;67188313;0;2;248682,9;1;7;16606;5;25;1448,2;97;424;157,3;169;846;83,3;329;1382;35,8;2625;13216;18,7;4451;20091;13,7;12204;54040;9,5;14870;72658;8,5;61970;289473;6,7;171474;765397;4,1;0;0;1;1460,9;33;24,5;59;13,7;923;2,1;1508;3,6;5361;4,7;9735;12,1;20950;3,1;217281;2,7;EP 941 6404;
20200032;MARDI   ;21/04/2020;1;20/08/2020;11;10;23;14;28;6;8;-10-11-14-23-28-;-6-8-;0;0;0;0;0;0;3;9;44642,1;14;36;658,5;206;630;69,3;340;1220;37,8;345;1302;24,9;4087;15103;10,7;6360;23666;7,6;13598;49650;6,7;17802;69348;5,8;73917;289915;4,4;153393;613372;3,3;0;0;4;251,2;66;8,4;115;4,8;1387;1;2165;1,7;6227;2,8;8568;9,5;25245;1,8;156896;2,5;DZ 292 6112;
20200033;VENDREDI;24/04/2020;2;23/08/2020;28;5;1;21;19;7;4;-1-5-19-21-28-;-4-7-;0;0;0;0;2;221796,2;1;11;9424,9;16;58;556,7;275;838;70,9;600;1956;32,1;464;1666;26,5;6791;24446;9;9026;32242;7,6;16630;63734;7,2;30010;112741;4,9;104992;397681;4,4;194001;789050;3,5;0;0;6;219,5;98;7,4;188;3,8;2218;0,8;3045;1,6;9586;2,4;13989;7,6;34973;1,7;219530;2,4;MP 768 7600;
20200034;MARDI   ;28/04/2020;3;27/08/2020;32;28;26;15;23;1;5;-15-23-26-28-32-;-1-5-;0;0;0;0;2;177507,9;0;3;27657,6;6;20;1292,2;98;418;113,8;211;948;53;194;922;38,3;3083;13442;13,1;4426;19829;9,9;9514;41941;8,7;15797;68361;6,5;60583;272611;5,1;133879;588301;3,8;0;0;2;528,1;32;18,3;68;8,6;1035;1,4;1436;2,7;5367;3,4;8524;10;20340;2,3;172505;2,4;PL 337 1119;
20200035;VENDREDI;01/05/2020;4;30/08/2020;47;20;19;45;38;2;6;-19-20-38-45-47-;-2-6-;0;0;0;2;2;232361,2;1;4;27153,3;5;18;1879,4;83;401;155,4;233;1114;59,1;157;856;54;3869;17825;12,9;4083;19899;12,9;8598;43289;11,1;24452;103637;5,6;65937;307608;5,9;138003;664701;4,4;1;715,6;3;190,8;31;23;79;9;1226;1,4;1410;3,4;8077;2,7;13732;7,6;22215;2,6;229306;2,2;VG 211 9841;
20200036;MARDI   ;05/05/2020;5;03/09/2020;2;27;22;10;41;3;2;-2-10-22-27-41-;-2-3-;0;0;0;1;1;398633,9;1;2;46583,6;3;12;2418,2;146;611;87,4;251;1032;54,7;247;1045;38;3246;14408;13,7;6312;25736;8,6;10718;44589;9,2;16111;72201;6,9;83586;340813;4,6;147536;623612;4;1;670,3;2;268,1;55;12,1;80;8,3;1131;1,4;2133;2,1;5529;3,8;8273;11,8;28713;1,9;209128;2,3;IU 380 3989;
20200037;VENDREDI;08/05/2020;6;06/09/2020;33;38;8;25;32;9;7;-8-25-32-33-38-;-7-9-;0;0;0;1;4;127034,9;0;2;59380,3;5;23;1608,3;103;481;141,6;280;1213;59,3;198;1018;49,7;4550;19060;13,2;4802;23726;11,8;9857;49676;10,5;27863;109056;5,8;79758;370064;5,4;155317;753374;4,2;0;0;2;718,6;32;24,9;86;9,2;1495;1,3;1597;3,3;9118;2,7;16620;7;26413;2,4;269695;2,1;WE 811 6067;
20200038;MARDI   ;12/05/2020;7;10/09/2020;16;9;29;39;37;4;11;-9-16-29-37-39-;-4-11-;0;0;0;0;1;425436,6;1;11;9039,2;4;27;1147;114;482;118,3;174;1017;59,3;284;1228;34,5;2800;13634;15,5;4550;21054;11,2;11122;50289;8,7;14566;70785;7,5;62387;287434;5,8;156046;683566;3,9;0;0;1;1277,6;40;17,7;53;13,3;1024;1,7;1570;3;5212;4,2;8598;12;21318;2,7;196203;2,6;CN 495 0418;
20200039;VENDREDI;15/05/2020;8;14/08/2020;34;23;32;39;11;1;6;-11-23-32-34-39-;-1-6-;1;1;72969058;0;1;565971,2;2;6;22046,1;6;31;1329;161;740;102,5;318;1409;56,9;336;1844;30,5;4412;19013;14,8;6611;29810;10,5;14242;70025;8,3;24326;101435;6,9;85677;386395;5,7;193742;915870;3,9;0;0;3;544,8;47;19,3;107;8,4;1404;1,6;2290;2,6;7729;3,7;13147;10;28566;2,6;273571;2,4;TK 926 0069;
20200040;MARDI   ;19/05/2020;1;18/08/2020;43;32;37;25;5;6;7;-5-25-32-37-43-;-6-7-;0;0;0;0;1;433824,4;1;6;16898,6;4;21;1503,8;76;467;124,5;159;981;62,6;162;934;46,2;2743;14287;15,1;3890;20912;11,5;7027;40300;11,1;16270;81398;6,6;60851;312561;5,4;110581;614114;4,4;0;0;2;561;22;28,3;56;11,1;928;1,6;1328;3,1;5603;3,5;9724;9,3;20928;2,4;218843;2;CU 770 5969;
20200041;VENDREDI;22/05/2020;2;21/08/2020;18;22;32;3;27;2;7;-3-18-22-27-32-;-2-7-;0;0;0;0;0;0;0;13;55708,2;9;53;806,2;150;842;93,4;557;2454;33,9;240;1496;39;7445;33462;8,7;7017;36228;9;12765;69537;8,7;35907;158062;4,6;99263;501467;4,6;180411;970867;3,8;0;0;3;469,1;49;15,9;171;4,5;2443;0,8;2285;2,2;11694;2,1;16640;6,8;32521;1,9;244998;2,3;ND 876 1904;
20200042;MARDI   ;26/05/2020;3;25/08/2020;9;4;27;14;21;4;6;-4-9-14-21-27-;-4-6-;1;2;18571740;0;5;92895,4;2;6;18092,6;18;63;536,7;226;999;62,3;480;1993;33;412;1869;24,7;5468;24082;9,6;7345;33423;7,7;14138;67756;7;23358;106041;5,4;81565;400538;4,5;166638;842619;3,5;0;0;4;286,8;83;7,6;158;4;1901;0,8;2529;1,6;7990;2,5;11261;8,2;28189;1,8;178616;2,5;FV 414 5061;
20200043;VENDREDI;29/05/2020;1;28/08/2020;4;11;8;46;19;4;8;-4-8-11-19-46-;-4-8-;0;1;17000000;2;5;116611,2;5;13;10482,2;47;137;309,8;203;897;87,1;909;3574;23,1;421;1730;33,5;7580;33182;8,7;8918;37668;8,5;16672;74615;8;27287;134296;5,4;104859;492834;4,6;205739;984731;3,7;0;0;20;72,7;72;11,2;303;2,6;2467;0,8;2981;1,8;8878;2,8;12465;9,4;35096;1,9;222958;2,6;MO 301 6631;
20200044;MARDI   ;02/06/2020;1;01/09/2020;49;22;12;26;10;11;7;-10-12-22-26-49-;-7-11-;0;0;0;1;5;87507,8;2;9;11362,2;3;17;1873,6;132;547;107,2;209;1020;60,8;313;1288;33,8;2882;14935;14,5;5069;23592;10,3;11295;53698;8,4;14230;77349;7;67595;328824;5,2;150717;745473;3,7;0;0;0;0;39;43,4;73;8,2;1042;1,4;1771;2,2;5075;3,7;8157;10,8;23832;2;174043;2,5;FR 608 3244;
20200045;VENDREDI;05/06/2020;2;04/09/2020;24;11;37;17;5;6;3;-5-11-17-24-37-;-3-6-;0;0;0;0;3;211081,7;0;11;13454,5;13;67;688;254;1100;77,1;599;2434;36,8;448;2165;29,1;7135;31131;10,1;8812;42614;8,2;17509;84690;7,7;33144;149368;5,3;112688;545858;4,5;224871;1102940;3,6;0;0;3;521,5;77;11,2;164;5,3;2361;0,9;2768;2,1;10863;2,5;16171;7,8;36912;1,9;256110;2,4;OK 201 3475;
20200046;MARDI   ;09/06/2020;3;08/09/2020;46;36;27;5;15;8;2;-5-15-27-36-46-;-2-8-;0;0;0;1;3;165913,8;0;2;58165,1;10;33;1098;83;550;121,3;262;1427;49,4;164;1095;45,2;4274;22240;11,1;4259;23196;11,9;9336;51249;10;23954;120489;5,1;67457;352621;5,5;144730;765947;4,1;1;692,9;5;110,8;26;26,6;94;7,3;1492;1,1;1471;3,1;8264;2,6;14182;7,1;22899;2,4;209867;2,4;BV 585 0710;
20200047;VENDREDI;12/06/2020;4;11/09/2020;24;39;46;2;45;4;8;-2-24-39-45-46-;-4-8-;0;1;51583717;0;2;337141,5;1;3;52530,3;8;38;1291,7;83;565;160;310;1564;61,1;199;1158;58;4712;23702;14,1;5132;26919;13,9;10696;58277;11,9;28909;142367;5,9;81550;419915;6,3;175492;911820;4,7;0;0;4;423,1;32;29,3;88;10,6;1517;1,5;1706;3,6;9261;3,1;17661;7,7;27308;2,8;294256;2,3;TI 890 2631;
20200048;MARDI   ;16/06/2020;1;15/09/2020;39;9;11;4;17;2;10;-4-9-11-17-39-;-2-10-;0;0;0;0;2;228917,4;1;4;26750,8;4;16;2083;128;636;96,5;230;1128;57,5;378;1656;27,5;3256;15600;14,6;5517;26331;9,6;14398;68380;6,9;16006;76193;7,5;71327;353669;5,1;178563;879179;3,3;0;0;1;1176;39;16,7;92;7,1;1192;1,3;1942;2,2;5964;3,4;8813;10,8;24775;2,1;176330;2,6;GJ 375 0766;
20200049;VENDREDI;19/06/2020;2;18/09/2020;14;5;24;43;19;3;11;-5-14-19-24-43-;-3-11-;0;0;0;0;4;157456,5;2;8;18400;7;35;1309,9;147;744;113,5;311;1537;58;377;1722;36,4;3961;20217;15,5;6692;33500;10,4;16332;76928;8,4;19943;103921;7,5;93132;466080;5,3;228226;1083585;3,6;0;0;2;782,1;46;18,8;109;7,9;1341;1,6;2241;2,5;6845;3,9;10531;12;31138;2,3;233723;2,7;SD 890 4120;
20200050;MARDI   ;23/06/2020;3;22/09/2020;19;46;49;12;2;8;1;-2-12-19-46-49-;-1-8-;0;0;0;0;0;0;1;3;201011,8;2;21;1694,4;90;487;134,5;252;1142;60,6;231;1120;43,4;3302;15908;15,3;4649;22351;12,1;10940;51961;9,7;17211;85896;7,1;68034;337786;5,7;156054;773857;4;0;0;1;1216,6;20;33,7;86;7,8;1158;1,4;1601;2,8;5846;3,6;9383;10,5;23069;2,4;191079;2,5;BD 519 4518;
20200051;VENDREDI;26/06/2020;4;25/09/2020;12;26;21;1;10;5;11;-1-10-12-21-26-;-5-11-;0;0;0;2;9;75644,7;9;18;8839,7;7;38;1304,2;248;1049;87;295;1633;59,1;719;2726;24,8;4116;22953;14,7;9253;41590;9;24020;98412;7,1;20362;117337;7,2;108449;530351;5;272674;1232996;3,5;1;914,7;1;731,8;75;12,1;104;8,7;1372;1,6;2992;2;6950;4,1;10699;12,4;35363;2,1;243546;2,7;OZ 006 2321;
20200052;MARDI   ;30/06/2020;5;29/09/2020;11;42;1;28;6;2;10;-1-6-11-28-42-;-2-10-;0;0;0;0;1;565114,1;5;16;8254,7;8;23;1788,6;168;654;115,8;328;1299;61,6;390;1688;33,3;4041;18420;15,2;6339;28487;11;16054;71847;8,1;20120;95075;7,4;85696;400514;5,5;209798;980320;3,6;0;0;1;1435,9;43;18,5;114;6,9;1483;1,3;2118;2,5;7179;3,5;11266;10,3;29410;2,2;216153;2,6;GL 973 8980;
20200053;VENDREDI;03/07/2020;Super Jackpot et tirages suivants;02/10/2020;27;4;16;39;37;3;6;-4-16-27-37-39-;-3-6-;0;0;0;1;10;126332,6;7;33;8947,2;26;98;938,4;336;1552;109,1;955;3713;48,2;671;3327;37,8;14036;52823;11,9;15598;66033;10,6;31922;138411;9,4;73256;275443;5,7;226377;940515;5,3;463034;1961364;4;0;0;6;620,8;102;20,2;295;7;4405;1,1;4919;2,8;22824;2,8;39083;7,7;72260;2,3;641409;2,3;SE 756 4471;
20200054;MARDI   ;07/07/2020;7;06/10/2020;41;33;23;12;16;8;10;-12-16-23-33-41-;-8-10-;0;1;144542315;2;8;112962,6;2;16;13200,6;7;54;1218,2;214;1068;113,4;379;1861;68,8;499;2492;36,1;5595;27209;16,5;9380;45013;11,1;21980;108567;8,6;30484;143534;7,8;130601;631726;5,6;316109;1527227;3,7;2;654,4;3;349;75;17,4;121;10,8;1898;1,7;3083;2,8;10504;3,9;17011;11,2;42948;2,5;364199;2,6;JF 734 1511;
20200055;VENDREDI;10/07/2020;1;09/10/2020;30;38;15;17;23;2;7;-15-17-23-30-38-;-2-7-;0;0;0;6;9;74781,9;4;14;11235,7;22;66;742,3;225;964;93,6;680;2649;36;413;1909;35,1;8672;36019;9,3;9628;42487;8,8;17021;80362;8,6;43749;177965;4,7;124906;573219;4,6;227549;1095560;3,9;0;0;7;266,9;66;15,7;221;4,6;2884;0,9;3243;2,1;14433;2,2;23282;6,5;41744;2;333163;2,2;UL 180 7837;
20200056;MARDI   ;14/07/2020;2;13/10/2020;30;22;37;11;47;9;10;-11-22-30-37-47-;-9-10-;0;0;0;0;0;0;2;6;101330,7;4;19;1888,1;81;487;135,6;137;818;85,4;215;1138;43,1;2027;12292;19,9;3956;21782;12,5;9547;51291;9,9;11098;66459;9,2;59649;325980;5,9;145134;778495;4;0;0;1;1227,5;26;26,2;46;14,8;762;2,2;1413;3,2;4077;5,2;6684;14,8;21512;2,6;195263;2,5;NY 772 1633;
20200057;VENDREDI;17/07/2020;3;16/10/2020;7;27;41;15;43;7;9;-7-15-27-41-43-;-7-9-;0;0;0;3;7;96257,2;1;5;31495,6;13;53;925,4;196;957;94,4;550;2455;38,9;360;1739;38,5;7644;33820;9,9;8380;40886;9,1;14175;72686;9,5;37620;160145;5,2;118876;568827;4,6;208844;1030354;4,1;2;498,4;4;199,3;62;16;184;5,4;2625;0,9;2791;2,3;12504;2,5;18660;7,7;40266;2;311619;2,3;OU 340 6452;
20200058;MARDI   ;21/07/2020;4;20/10/2020;29;15;42;14;24;2;4;-14-15-24-29-42-;-2-4-;0;1;49564587;0;3;177754,5;2;3;41544,1;8;37;1049,1;89;555;128,8;304;1427;52,9;223;1204;44,1;4364;21507;12,3;5202;26912;11;10904;56710;9,7;22022;107554;6,2;80072;399902;5,2;163066;832577;4;0;0;3;457,1;39;19,5;95;8;1468;1,2;1831;2,7;7563;3,1;11689;9,5;27615;2,2;234707;2,3;RV 049 2923;
20200059;VENDREDI;24/07/2020;1;23/10/2020;8;28;50;27;9;12;4;-8-9-27-28-50-;-4-12-;0;0;0;0;3;205961,3;0;7;20629,9;4;23;1955,6;94;555;149,2;196;1058;82,7;295;1595;38,5;2961;16672;18,4;5439;27279;12,5;14841;72778;8,7;15640;84996;9,1;85593;416403;5,8;238706;1125472;3,4;0;0;1;1605,1;35;25,4;72;12,3;1060;2,1;1914;3,1;5615;5;8487;15,3;29510;2,4;220156;2,9;JH 979 5073;
20200060;MARDI   ;28/07/2020;2;27/10/2020;34;17;13;9;15;7;2;-9-13-15-17-34-;-2-7-;0;0;0;2;4;120865,8;1;7;16141,9;15;44;799,8;161;741;87,4;533;2093;32,7;298;1394;34,5;6614;28516;8,4;6721;32694;8,2;11856;60275;8,2;30848;135763;4,4;90012;434961;4,3;161071;826953;3,7;0;0;5;249,3;48;14,4;173;4;2190;0,7;2240;2;10671;2;14738;6,8;31149;1,8;212331;2,3;KI 833 7510;
20200061;VENDREDI;31/07/2020;3;30/10/2020;30;46;24;21;49;2;5;-21-24-30-46-49-;-2-5-;0;0;0;0;0;0;2;6;136226,5;4;27;1786,2;106;529;167,9;268;1506;62,3;219;1226;53,8;4661;24333;13,5;5122;27797;13,2;10658;58195;11,7;28448;145640;5,6;86106;450152;5,8;175195;919223;4,5;0;0;1;1680,4;29;32,1;93;10;1513;1,5;1819;3,4;9350;3,1;17056;7,9;29175;2,6;305557;2,2;DW 519 7337;
20200062;MARDI   ;04/08/2020;4;03/11/2020;42;2;5;1;15;8;5;-1-2-5-15-42-;-5-8-;0;0;0;0;2;265150;0;1;123939,8;10;41;941,5;142;674;105,5;417;1933;38,8;253;1192;44,3;5651;28050;9,4;6297;31560;9,3;12579;62253;8,8;27523;141282;4,7;85100;427402;4,8;171178;843157;3,9;0;0;5;272,1;54;14;149;5;1970;0,9;2250;2,2;9200;2,5;13831;7,9;29735;2;217920;2,5;OK 001 5607;
20200063;VENDREDI;07/08/2020;5;06/11/2020;36;20;5;41;21;11;6;-5-20-21-36-41-;-6-11-;0;0;0;1;4;195041,6;1;7;26048,2;4;36;1577,6;92;614;170,3;222;1516;72,9;243;1533;50,6;3876;23353;16,6;5099;32163;13,4;12635;76263;10,5;22376;129363;7,5;83306;497396;6,1;210211;1199060;4,1;1;992,4;1;793,9;38;26,1;72;13,7;1388;1,7;1751;3,7;8081;3,8;13855;10,4;28487;2,8;281356;2,5;HK 751 8334;
20200064;MARDI   ;11/08/2020;6;10/11/2020;14;13;50;8;42;3;9;-8-13-14-42-50-;-3-9-;0;0;0;0;2;293190,7;0;2;68523,5;2;31;1376,9;88;530;148,3;284;1726;48,1;211;1237;47,2;5030;26334;11;4797;27592;11,8;10771;59707;10,1;27703;144296;5;80775;435472;5,3;173340;916256;4;0;0;0;0;28;79,8;88;9;1644;1,2;1670;3,2;9458;2,6;14940;7,8;27688;2,3;236254;2,4;RO 370 1123;
20200065;VENDREDI;14/08/2020;7;13/11/2020;49;10;42;9;19;4;12;-9-10-19-42-49-;-4-12-;0;0;0;3;5;157446,8;1;5;36797,9;5;24;2387,8;127;670;157,5;224;1449;77;382;1810;43,3;3681;21133;18,5;6560;34068;12,8;18764;91743;8,8;18838;111645;8,8;98309;510793;6;271614;1349713;3,7;1;1050,7;2;420,3;37;28,3;90;11,6;1361;1,9;2303;3;6808;4,8;10682;14,3;33982;2,5;268117;2,8;EM 957 7653;
20200066;MARDI   ;18/08/2020;8;17/11/2020;12;34;42;17;6;12;5;-6-12-17-34-42-;-5-12-;0;0;0;1;5;131558,4;0;5;30747,3;4;30;1596,1;157;746;118,2;260;1354;68,8;427;1907;34,3;3313;18506;17,7;6678;32782;11,1;17248;80439;8,4;17511;96316;8,5;89387;457082;5,6;230608;1116083;3,7;0;0;1;1658,1;52;17,7;92;10;1170;1,9;2256;2,7;6250;4,6;9700;13,8;30562;2,4;241968;2,7;CC 440 6829;
20200067;VENDREDI;21/08/2020;9;20/11/2020;10;35;50;15;44;5;3;-10-15-35-44-50-;-3-5-;0;0;0;1;6;156509,1;1;9;24385,8;12;47;1454,4;177;993;126,8;484;2610;51;336;1978;47,2;7466;41568;11,2;7769;44889;11,6;15925;89552;10,8;41785;219696;5,3;125690;679218;5,4;259095;1364172;4,3;0;0;5;462,2;41;31,3;169;7,5;2374;1,3;2563;3,3;13383;3;23563;7,9;41583;2,5;408700;2,2;MH 105 6486;
20200068;MARDI   ;25/08/2020;10;24/11/2020;18;37;39;30;7;10;8;-7-18-30-37-39-;-8-10-;0;0;0;1;5;163573,8;1;11;17377,2;9;47;1266,7;203;944;116,1;336;1746;66,4;405;2037;39,9;5019;25376;16;7748;40006;11,3;17673;92808;9,1;25923;132800;7,7;107822;564682;5,7;258534;1345481;3,8;0;0;4;503;68;16,4;115;9,7;1704;1,6;2592;2,8;9190;3,8;15399;10,5;36199;2,5;313766;2,5;QF 215 6243;
20200069;VENDREDI;28/08/2020;11;27/11/2020;31;16;17;7;12;9;7;-7-12-16-17-31-;-7-9-;0;0;0;2;9;119361,1;4;18;13948,3;28;104;751,9;399;1731;83,2;957;4142;36,7;689;3228;33,1;12826;56369;9,4;15772;73247;8,1;26644;132973;8,3;56107;261389;5,1;198151;974840;4,3;354133;1815616;3,7;1;1400,7;9;124,5;121;11,5;300;4,6;4063;0,8;5160;1,8;18268;2,4;23713;8,6;64766;1,7;406770;2,5;WF 229 9684;
20200070;MARDI   ;01/09/2020;12;01/11/2020;46;8;4;33;10;8;11;-4-8-10-33-46-;-8-11-;1;1;157170843;1;6;153948,4;2;6;35980,2;4;44;1528,2;170;1006;123,1;337;1973;66,3;358;2050;44,8;5073;28911;15,9;8898;45746;11,2;19409;100330;9,5;26897;152250;7,6;124437;654019;5,5;292633;1486934;3,9;1;1240,3;2;496,1;58;21,3;117;10,6;1721;1,8;3018;2,7;9163;4,2;14511;12,4;42134;2,4;337858;2,6;IR 486 1016;
20200071;VENDREDI;04/09/2020;1;04/11/2020;6;29;43;40;22;7;4;-6-22-29-40-43-;-4-7-;0;0;0;1;4;176702,3;1;8;20649,1;11;38;1354;148;674;140,6;386;1866;53,6;295;1500;46,9;6113;28936;12,1;6601;32338;12,1;12870;68089;10,7;35686;163884;5,4;99342;491615;5,6;192911;1013742;4,4;0;0;2;917,1;46;22,1;125;8,1;2078;1,2;2355;2,8;12144;2,6;21353;6,9;34723;2,4;337427;2,1;BC 472 0015;
20200072;MARDI   ;08/09/2020;2;08/11/2020;9;35;2;41;31;12;9;-2-9-31-35-41-;-9-12-;0;0;0;0;2;261831;1;4;30597,1;3;23;1657,4;82;428;164;131;821;90,4;163;987;52,8;2218;12450;20,9;3896;20444;14,2;9250;48658;11,1;12552;68440;9,5;61601;320138;6,4;154660;783822;4,2;0;0;1;1436,8;33;24,1;43;18,5;862;2,3;1417;3,7;4940;5;7899;14,7;22948;2,8;210923;2,7;UZ 647 1420;
20200073;VENDREDI;11/09/2020;3;11/11/2020;34;38;45;43;42;12;9;-34-38-42-43-45-;-9-12-;0;0;0;1;2;352375,3;0;8;20588,9;7;25;2052,1;118;580;162,9;207;1055;94,6;300;1426;49,2;2921;16223;21,6;4868;25778;15,1;13238;62894;11,5;15678;88055;10;72176;389847;7,1;191835;969300;4,6;1;1049,2;4;209,8;42;24,9;80;13,1;1127;2,3;1748;4;5938;5,5;11161;13,7;25958;3,3;303075;2,5;ES 198 7144;
20200074;MARDI   ;15/09/2020;4;15/11/2020;38;25;30;16;20;8;6;-16-20-25-30-38-;-6-8-;0;0;0;0;3;188472;1;7;18878,1;6;36;1143,3;96;655;115,7;302;1541;52;254;1344;41,9;4582;22037;12,7;5817;29331;10,7;11904;60360;9,6;23906;113496;6,2;83183;414876;5,3;172473;873152;4,1;0;0;0;0;41;57,2;96;8,7;1601;1,3;2052;2,7;8397;3,1;14151;8,6;28917;2,3;256988;2,3;OP 735 6223;
20200075;VENDREDI;18/09/2020;5;18/11/2020;25;45;19;2;10;1;7;-2-10-19-25-45-;-1-7-;0;0;0;0;5;166116;2;6;32353,3;11;61;991,2;266;1158;96,1;581;2426;48,5;482;2436;33,9;7268;33330;12,4;9713;46944;9,8;19803;101487;8,4;35586;166868;6,2;128995;646705;5;254921;1368514;3,8;0;0;3;652,4;96;11,3;179;6;2424;1,1;3155;2,3;11760;2,9;18338;8,6;43220;2;329124;2,4;NL 914 1916;
20200076;MARDI   ;22/09/2020;6;22/11/2020;28;39;25;40;16;1;6;-16-25-28-39-40-;-1-6-;0;0;0;1;5;123979;0;3;48293,2;7;21;2148,8;110;600;138,5;217;1285;68,3;234;1443;42,7;3967;20023;15,4;5224;27225;12,6;12008;64322;9,9;21562;107403;7,2;78996;404454;6;179553;944456;4,1;0;0;3;538,9;41;21,9;81;11;1331;1,6;1808;3,3;7167;3,9;12753;10,2;27602;2,6;269829;2,4;AM 862 6424;
20200077;VENDREDI;25/09/2020;Super Jackpot et tirages suivants;25/11/2020;34;45;19;23;37;1;7;-19-23-34-37-45-;-1-7-;0;1;130000000;0;5;247047,8;5;25;11547,8;16;78;1152,8;374;1590;104,1;812;3162;55,3;801;3694;33,3;10810;44420;13,8;14416;63635;10,7;30469;142425;8,9;59230;237240;6,5;195280;867562;5,6;412900;1921549;4;0;0;5;689,5;125;15,3;222;8,6;3482;1,3;4561;2,8;19268;3,1;34308;8,1;63749;2,4;601772;2,3;GB 600 8763;
20200078;MARDI   ;29/09/2020;1;29/11/2020;16;14;4;44;41;11;12;-4-14-16-41-44-;-11-12-;0;0;0;0;1;511878,3;0;6;19939;5;16;2328,9;81;450;152,5;133;857;84,6;253;1430;35,6;2019;11989;21,2;3468;19701;14,4;11716;59701;8,8;11140;64119;10;52294;278746;7,2;174069;862108;3,7;0;0;1;1420,1;27;29,2;51;15,4;783;2,5;1330;3,9;4295;5,7;7371;15,6;19893;3,2;184849;3,1;LH 000 7642;
20200079;VENDREDI;02/10/2020;2;02/12/2020;15;45;12;6;40;9;3;-6-12-15-40-45-;-3-9-;1;1;30627859;7;8;88921,7;3;8;20782,4;6;48;1078,8;171;762;125,1;489;2195;45,9;298;1502;47,1;7218;32321;10,9;7362;34706;11,3;15359;73110;10;36650;169534;5,2;111724;524166;5,3;231569;1086594;4,1;7;155,9;3;291;62;17,6;151;7,2;2559;1;2509;2,9;12405;2,7;21149;7,5;38844;2,3;329183;2,4;DO 142 6191;
20200080;MARDI   ;06/10/2020;1;06/12/2020;41;36;4;21;47;11;9;-4-21-36-41-47-;-9-11-;0;0;0;0;3;165112,6;1;5;23153,7;2;16;2253,6;61;395;168,1;159;887;79,1;171;943;52,3;2347;13056;18,8;3349;19244;14,2;7959;43992;11,6;13176;73158;8,4;54207;295086;6,6;132587;686274;4,5;0;0;1;1402,8;22;35,4;60;12,9;879;2,2;1219;4,2;5098;4,8;9236;12,3;20083;3,2;226457;2,5;AK 982 0660;
20200081;VENDREDI;09/10/2020;2;09/12/2020;15;11;35;50;41;8;5;-11-15-35-41-50-;-5-8-;0;0;0;0;2;347164,3;0;3;54092;2;44;1148,7;97;677;137,5;370;1993;49,3;260;1365;50,6;6064;31728;10,8;5685;31487;12,2;12002;62584;11,4;36411;180330;4,8;91006;477696;5,7;192059;969596;4,5;0;0;1;1936,9;43;25;132;8,1;2001;1,3;1992;3,6;12200;2,7;21643;7,2;31557;2,8;333609;2,3;KQ 131 6639;
20200082;MARDI   ;13/10/2020;3;13/12/2020;5;41;46;38;14;10;1;-5-14-38-41-46-;-1-10-;0;0;0;0;1;522745,9;0;1;122174,3;1;19;2002,8;90;410;170,9;193;949;78;205;1067;48,8;2594;12725;20,4;3973;19911;14,5;9928;51243;10,5;14613;72442;9;60077;296170;6,9;155654;772207;4,3;0;0;0;0;30;77;68;12,1;977;2,1;1481;3,7;5345;4,8;9607;12,5;22030;3;226075;2,6;CV 058 7277;
20200083;VENDREDI;16/10/2020;4;16/12/2020;15;40;38;33;50;6;3;-15-33-38-40-50-;-3-6-;0;0;0;1;1;737995,3;0;5;34496,3;5;50;1074,4;122;691;143,2;316;1693;61,7;257;1440;51;5351;26653;13,7;5536;31378;13;12004;67950;11,2;34606;157351;5,8;90154;486562;5,9;187505;1029066;4,5;1;1089,1;1;871,3;38;28,6;106;10,2;1824;1,4;1922;3,7;11627;2,9;22917;6,9;31330;2,8;360338;2,1;RV 734 1637;
20200084;MARDI   ;20/10/2020;5;20/12/2020;15;5;42;37;6;4;3;-5-6-15-37-42-;-3-4-;0;0;0;1;3;189400,6;3;7;18971,1;3;23;1798,4;110;586;130;225;1151;69,9;230;1286;44;3375;18004;15,7;5359;28060;11,2;10998;58880;9,9;18169;97757;7,2;82769;426910;5,2;169420;878501;4,1;0;0;2;735,3;36;22,6;65;12,5;1185;1,7;1843;2,9;6489;3,9;10325;11,5;28898;2,3;254502;2,3;MW 147 9033;
20200085;VENDREDI;23/10/2020;6;23/12/2020;19;23;10;21;15;3;12;-10-15-19-21-23-;-3-12-;0;0;0;1;3;261553,3;6;26;7053,3;4;31;1842,6;304;1410;74,6;292;1612;69;855;3375;23,1;4271;22625;17,2;10719;49699;8,7;27543;124813;6,5;19732;110757;8,8;126094;622490;4,9;324275;1551438;3,2;0;0;3;664,5;109;10,1;117;9,4;1533;1,8;3577;2;7301;4,7;10991;14,7;43327;2,1;284222;2,8;KC 160 2843;
20200086;MARDI   ;27/10/2020;7;27/12/2020;13;15;28;44;32;12;3;-13-15-28-32-44-;-3-12-;0;1;87757466;1;4;152128,9;1;9;15802,2;2;24;1845,7;149;735;111;225;1152;74,8;325;1869;32,4;3090;17011;17,8;5677;30567;11;14613;76077;8,2;15228;87237;8,7;79290;421362;5,6;202029;1050009;3,6;1;860;0;0;48;32,2;76;11,3;1197;1,7;2007;2,8;5811;4,6;9108;13,7;28488;2,4;231716;2,6;QA 581 7004;
20200087;VENDREDI;30/10/2020;1;30/12/2020;21;16;20;12;28;9;3;-12-16-20-21-28-;-3-9-;0;0;0;0;4;163187;2;8;19069,7;10;54;879,9;255;1047;83,6;635;2536;36,4;494;2083;31,2;7688;33733;9,6;9213;41198;8,8;18627;83988;8;34772;165331;4,9;114267;541770;4,7;230929;1105289;3,7;0;0;3;568;77;12,2;216;4,3;2727;0,8;3214;1,9;12193;2,4;17994;7,6;39495;1,9;274932;2,5;DK 004 2337;
20200088;MARDI   ;03/11/2020;2;03/01/2021;5;7;18;20;30;7;6;-5-7-18-20-30-;-6-7-;0;0;0;2;7;70929,1;4;14;8288,6;7;43;840,5;273;1128;59;387;1664;42,2;450;1939;25,5;4548;21016;11,7;9256;39142;7;14873;69786;7,3;19898;99060;6,2;102303;470113;4,1;172514;869851;3,6;0;0;4;325,4;93;7,7;144;5;1631;1,1;3344;1,4;7195;3,1;9943;10,6;37039;1,6;225500;2,3;SB 380 8153;
20200089;VENDREDI;06/11/2020;3;06/01/2021;12;37;7;50;40;1;2;-7-12-37-40-50-;-1-2-;0;0;0;0;2;347604,2;0;6;27080,2;8;41;1234,3;140;725;128,5;244;1336;73,7;246;1488;46,5;3830;21182;16,3;6030;32150;12;13033;72026;9,9;20868;112945;7,7;94502;484902;5,6;205321;1091274;4;0;0;2;899,4;54;18,5;93;10,7;1305;1,9;2149;3,1;7245;4,3;11418;12,7;33638;2,4;299201;2,4;LB 981 4400;
20200090;MARDI   ;10/11/2020;4;10/01/2021;19;3;38;32;29;12;5;-3-19-29-32-38-;-5-12-;0;0;0;0;2;279894,1;0;3;43610,5;3;21;1940,5;87;529;141,9;188;1084;73,2;272;1360;41;2534;15129;18,4;4578;26244;11,8;11795;62688;9,2;13810;79417;8,8;68965;381713;5,7;180414;927880;3,8;0;0;0;0;24;95,7;77;10,6;985;2;1609;3,4;5343;4,8;8972;13,3;25271;2,6;220804;2,7;IB 051 3569;
20200091;VENDREDI;13/11/2020;5;13/01/2021;31;17;1;28;5;1;10;-1-5-17-28-31-;-1-10-;0;0;0;1;4;222454,1;8;26;7998,6;16;56;1156,7;395;1328;89,8;589;2073;60,8;925;3283;26,9;7409;27330;16,2;14440;50710;9,7;34975;125599;7,3;33783;133357;8,3;172944;644710;5,4;432727;1633896;3,4;0;0;5;565,6;134;11,7;183;8,5;2543;1,5;4873;2,1;11664;4,2;17174;13,3;58235;2,2;395681;2,8;AX 115 7025;
20200092;MARDI   ;17/11/2020;6;17/01/2021;30;25;44;19;16;6;2;-16-19-25-30-44-;-2-6-;0;0;0;1;1;609799,2;0;4;35630;16;46;965;147;750;109;362;1896;45,5;306;1576;38,5;5462;26592;11,4;6556;32885;10,3;13607;70609;8,9;27954;135999;5,6;93962;464581;5,1;192599;982134;3,9;0;0;8;202,1;48;18,7;113;7,9;1927;1,1;2285;2,6;9695;2,9;15529;8,4;33277;2,2;271015;2,4;DQ 513 0923;
20200093;VENDREDI;20/11/2020;Super Jackpot et tirages suivants;20/01/2021;28;50;48;39;29;5;7;-28-29-39-48-50-;-5-7-;0;0;0;2;6;209127,7;2;7;41894,2;6;61;1497,4;225;1144;147;640;3110;57,1;553;2605;47,9;10992;49635;12,5;11040;53181;13,1;23420;113770;11,4;70409;298808;5,2;181677;842595;5,8;369721;1730636;4,6;0;0;0;0;86;66,2;228;8,9;3678;1,3;3777;3,6;23189;2,7;44279;6,7;62049;2,7;682220;2,1;FT 835 8023;
20200094;MARDI   ;24/11/2020;8;25/03/2021;50;33;38;42;25;12;8;-25-33-38-42-50-;-8-12-;0;0;0;1;5;176840,4;4;12;17221;7;40;1609,1;151;830;142,8;319;1615;77,6;416;2012;43,7;4485;23825;18,4;7044;37825;12,9;17269;90012;10,1;23507;125229;8,8;103129;552652;6,3;252717;1321424;4,2;0;0;2;1151;62;20,6;92;13,9;1574;2;2406;3,5;8363;4,8;14727;12,6;36176;2,9;361397;2,5;SP 913 9425;
20200095;VENDREDI;27/11/2020;9;28/03/2021;8;14;16;5;2;9;8;-2-5-8-14-16-;-8-9-;0;0;0;1;3;391023,1;5;28;9791,6;24;90;948,8;583;2157;72,9;632;2979;55,8;1170;4312;27,1;8245;40603;14,3;18091;77208;8,4;35174;153979;7,8;37932;196484;7,4;208511;976295;4,7;426947;1999670;3,7;1;1673,4;8;167,3;189;8,8;213;7,8;2870;1,4;6080;1,8;13218;3,9;20020;12,2;70405;1,9;483025;2,5;VG 924 9237;
20200096;MARDI   ;01/12/2020;10;01/04/2021;29;49;20;14;47;12;4;-14-20-29-47-49-;-4-12-;0;0;0;0;3;328905,6;1;6;38435,3;10;53;1355,2;144;821;161,1;319;1848;75,6;378;1967;49,9;4698;26355;18,6;7382;39794;13,7;18544;97165;10,5;26020;143597;8,6;115063;606731;6,4;291381;1502470;4,1;0;0;3;833,1;46;30,1;122;11,3;1733;2;2620;3,5;9557;4,5;15848;12,7;40468;2,8;382566;2,6;FV 079 1121;
20200097;VENDREDI;04/12/2020;11;04/04/2021;14;38;20;27;34;1;11;-14-20-27-34-38-;-1-11-;0;0;0;4;6;1385679,2;8;26;15425,5;20;76;1643,7;499;1747;131,7;917;3422;71;1292;4703;36,3;13455;50925;16,7;21149;77496;12,3;56440;204601;8,6;71306;271544;7,9;300626;1107720;6,1;778710;2840869;3,8;3;1103,8;6;441,5;178;18,6;301;11;4608;1,7;7046;3,1;24459;4,2;41614;11,6;101950;2,6;895540;2,6;DN 528 1278;
20200098;MARDI   ;08/12/2020;12;08/04/2021;1;46;21;4;24;2;12;-1-4-21-24-46-;-2-12-;0;0;0;2;4;5684144,4;4;16;19431,3;18;65;1489,8;347;1319;135,2;703;2616;72;815;3106;42,6;9825;38177;17,3;14866;58844;12,5;36647;142857;9,6;52688;203482;8,1;222926;874394;6;549225;2132408;3,9;1;2464;7;281,6;127;19,4;236;10,4;3510;1,7;5197;3,1;19157;4;31567;11,3;78502;2,5;692981;2,5;UF 576 9619;
20200099;VENDREDI;11/12/2020;13;11/04/2021;41;13;24;9;6;3;12;-6-9-13-24-41-;-3-12-;1;1;200000000;3;12;2364169,1;5;17;22819,6;20;73;1655,2;574;2271;98;957;3764;62,5;1373;5278;31,3;12455;50834;16,2;24341;91723;10;58141;219032;7,8;62053;258453;8;314250;1224812;5,3;753910;2892569;3,6;1;3052;8;305,2;230;13,2;349;8,7;4577;1,6;8495;2,4;22740;4,2;36831;12;109852;2,2;850017;2,6;OR 273 6030;
20200100;MARDI   ;15/12/2020;1;15/04/2021;21;9;35;13;29;2;1;-9-13-21-29-35-;-1-2-;0;0;0;0;7;81129,1;1;11;12066,2;3;21;1968,6;196;783;97,2;286;1283;62,7;392;1907;29,6;3692;18232;15,5;7601;33176;9,5;16989;76794;7,6;18441;92101;7,7;98775;441028;5;219416;1008542;3,5;0;0;3;589,8;73;13,4;111;8,8;1381;1,7;2893;2,2;6896;4,4;11052;12,9;37738;2,1;285839;2,5;AA 954 3153;
20200101;VENDREDI;18/12/2020;2;18/04/2021;2;21;17;3;13;7;8;-2-3-13-17-21-;-7-8-;0;0;0;2;4;192267,3;1;10;17974,4;22;80;699,8;435;1666;61,9;575;2495;43,6;667;2806;27,3;7011;30918;12,3;14939;62830;6,8;26297;111763;7,1;31474;142041;6,7;178955;757863;4;314233;1390130;3,5;1;1322,9;5;211,6;171;7,7;204;6,4;2510;1,3;5357;1,6;11380;3,6;17053;11,3;64482;1,6;402642;2,3;QJ 740 0867;
20200102;MARDI   ;22/12/2020;3;22/04/2021;42;10;50;2;16;11;4;-2-10-16-42-50-;-4-11-;0;1;43704037;1;4;156220,3;0;3;48681,6;3;15;3032,6;125;593;141,3;239;1273;69,5;303;1435;43,3;3347;18373;16,9;5183;26586;13;13685;66274;9,7;18570;99104;7,8;79770;403099;6,1;204328;995329;3,9;1;1006,2;2;402,5;36;27,9;108;9,3;1341;1,8;2032;3,3;7267;4,3;12393;11,8;30822;2,6;278323;2,6;MI 502 5000;
20200103;VENDREDI;25/12/2020;1;25/04/2021;16;21;27;30;32;3;5;-16-21-27-30-32-;-3-5-;0;0;0;0;0;0;0;4;207160,1;5;55;888,9;124;812;110,9;460;2357;40,3;302;1613;41,4;6674;32983;10,1;7097;36790;10,1;13805;70599;9,8;35812;170909;4,9;107042;533541;4,9;206645;1026611;4,1;0;0;3;637,7;47;22,6;162;6,5;2260;1,1;2522;2,8;12261;2,7;19482;7,9;37624;2,3;332260;2,3;LH 798 2665;
20200104;MARDI   ;29/12/2020;2;29/04/2021;7;40;39;45;32;8;3;-7-32-39-40-45-;-3-8-;0;0;0;0;1;581409,4;0;4;33971,2;9;28;1511,6;96;505;154,3;275;1331;61,9;185;1011;57,2;3970;21753;13,3;4705;24993;12,9;10143;53878;11,1;23845;125339;5,8;72556;384162;5,9;153496;814532;4,5;0;0;3;554,7;37;24,9;100;9,2;1432;1,6;1785;3,4;8664;3,3;16444;8,2;27244;2,7;301413;2,2;TB 433 2954;
20211001;VENDREDI;01/01/2021;3;02/04/2021;32;16;48;44;28;1;9;-16-28-32-44-48-;-1-9-;0;1;44958140;1;8;109750,6;0;10;20520,4;9;47;1359,9;166;1008;116,8;315;1879;66,2;395;2435;35,9;5195;28333;15,4;6820;39885;12,2;16649;96183;9,4;29766;156929;7;98958;565121;6,1;235126;1323070;4,2;0;0;5;442,1;62;19,8;111;11;1868;1,6;2466;3,3;10317;3,7;19712;9;35761;2,8;370809;2,4;UA 000 7122;
20211002;MARDI   ;05/01/2021;1;06/04/2021;37;42;12;34;38;3;1;-12-34-37-38-42-;-1-3-;0;0;0;2;4;131718,1;0;0;0;2;16;10093,3;79;441;160,2;210;1054;70,8;170;971;54;2993;14869;17,6;4792;22652;12,9;10898;52480;10,3;18240;87049;7,5;69834;335506;6,1;155098;759051;4,4;1;876,9;1;701,5;27;32,4;82;10,6;1143;1,9;1725;3,4;6721;4,1;13072;9,7;26201;2,7;277668;2,2;DF 777 9665;
20211003;VENDREDI;08/01/2021;2;09/04/2021;42;23;37;41;18;4;6;-18-23-37-41-42-;-4-6-;0;0;0;1;4;180403,7;1;6;28108,8;8;47;1117,6;160;723;133,8;383;1717;59,5;282;1473;48,8;6686;28209;12,7;6144;31800;12,6;13211;68850;10,8;37172;153197;5,9;100139;482668;5,9;215691;1057516;4,3;0;0;0;0;56;59,3;139;8,5;2373;1,2;2197;3,6;13218;2,8;22859;7,5;36396;2,6;361942;2,3;AZ 574 5485;
20211004;MARDI   ;12/01/2021;3;13/04/2021;10;34;2;35;18;6;9;-2-10-18-34-35-;-6-9-;0;0;0;1;1;562879,7;0;4;32888,5;11;25;1639;107;607;124,3;255;1384;57,6;293;1397;40,1;4248;20787;13,4;5226;25458;12,2;11672;56481;10,3;23600;117669;5,9;79536;385051;5,7;174019;844610;4,2;0;0;2;817,2;43;21,1;86;10,5;1534;1,4;1885;3,2;8606;3,3;15286;8,6;29790;2,5;275716;2,3;KP 202 6170;
20211005;VENDREDI;15/01/2021;4;16/04/2021;27;10;4;40;38;11;3;-4-10-27-38-40-;-3-11-;0;0;0;0;2;384315,1;1;3;59880,5;7;44;1271,6;161;827;124,6;342;1727;63;390;1972;38,8;4934;24461;15,6;7495;37538;11,3;18304;87508;9;25892;127458;7,5;110316;541887;5,5;265732;1251776;3,9;0;0;4;551,9;54;22,7;130;9,4;1834;1,6;2705;3;9684;3,9;15985;11,2;40408;2,5;350796;2,5;VK 667 2191;
20211006;MARDI   ;19/01/2021;5;20/04/2021;25;35;31;27;43;5;6;-25-27-31-35-43-;-5-6-;0;0;0;1;6;99196,6;1;4;34775,8;5;23;1883,7;100;546;146,1;201;1282;65,8;223;1206;49,1;3209;19246;15,4;5212;27536;12;10352;55707;11;18240;103841;7,1;80696;425335;5,5;159249;843964;4,4;0;0;2;818,1;40;22,7;77;11,8;1190;1,9;1823;3,3;6693;4,2;11955;11,1;29708;2,5;297118;2,2;CD 285 4461;
20211007;VENDREDI;22/01/2021;6;23/04/2021;16;47;42;8;44;7;6;-8-16-42-44-47-;-6-7-;0;1;80566353;0;1;797450,9;0;2;93188,7;4;35;1658,6;143;722;148,1;354;1674;67,5;301;1599;49,6;5250;26200;15,1;7559;36769;12;13971;74683;11;29745;144978;6,8;118153;563565;5,5;219576;1133936;4,4;0;0;0;0;50;68,5;123;9,9;1857;1,6;2734;3;10471;3,6;18761;9,5;42195;2,3;420764;2,1;DR 848 4786;
20211008;MARDI   ;26/01/2021;1;27/04/2021;7;37;25;40;5;2;8;-5-7-25-37-40-;-2-8-;0;0;0;0;0;0;1;5;122065,6;5;25;1440,5;114;595;111,4;337;1670;41,9;264;1376;35,8;4975;23815;10,3;5096;26029;10,5;10990;58012;8,8;25877;124550;4,9;75464;373011;5,2;164296;824253;3,8;0;0;0;0;48;46,3;140;5,6;1824;1;1888;2,8;9564;2,6;15530;7,4;28431;2,3;234417;2,4;EF 410 9474;
20211009;VENDREDI;29/01/2021;2;30/04/2021;27;36;5;42;1;6;1;-1-5-27-36-42-;-1-6-;0;0;0;0;3;238052,2;2;4;41727,5;5;30;1732,9;133;667;143,5;347;1702;59,4;282;1549;45,9;5645;25376;14;7147;33713;11,7;14888;74940;9,8;29030;132397;6,7;111122;508307;5,5;233780;1128677;4;0;0;2;1024,8;40;28,4;116;9,8;1981;1,4;2580;2,9;10410;3,4;15895;10,4;40947;2,2;327773;2,5;FS 781 4350;
20211010;MARDI   ;02/02/2021;3;04/05/2021;38;18;48;20;35;9;12;-18-20-35-38-48-;-9-12-;0;0;0;0;1;576287;3;10;13468,7;4;28;1498,2;95;525;147,1;169;985;82,9;235;1251;45,8;2405;13819;20,7;4344;23549;13,5;11345;59074;10;14127;76406;9,4;64261;338644;6,7;164315;838385;4,3;0;0;2;828,6;35;26,3;68;13,5;967;2,3;1720;3,5;5703;5;9825;13,6;24907;3;258211;2,5;NU 587 9239;
20211011;VENDREDI;05/02/2021;Super Jackpot et tirages suivants;07/05/2021;45;12;37;19;44;6;2;-12-19-37-44-45-;-2-6-;0;0;0;2;9;151022,6;1;12;26472,3;22;113;875,6;466;1610;113,2;950;3814;50,5;893;3449;39,2;14317;55212;12,2;18158;68836;10,9;36499;147030;9,5;74630;287111;5,9;253469;980351;5,4;520565;2108737;4;1;2517,5;12;167,8;172;14,6;322;7,8;4946;1,2;6383;2,6;25897;3;42520;8,6;90068;2,3;761007;2,4;EJ 459 7231;
20211012;MARDI   ;09/02/2021;5;11/05/2021;24;5;31;10;37;9;10;-5-10-24-31-37-;-9-10-;0;0;0;0;1;934794,5;3;8;27309,6;13;56;1215,1;241;1078;116,2;321;1787;74,1;549;2494;37,3;5195;25963;17,9;10362;47850;10,8;23966;109736;8,8;26585;134742;8,6;143065;667850;5,5;336356;1553129;3,8;0;0;4;666,5;93;15,9;111;13,3;1983;1,8;3634;2,7;9970;4,6;15596;13,8;51792;2,3;414044;2,6;ME 065 0382;
20211013;VENDREDI;12/02/2021;6;14/05/2021;32;7;36;30;23;12;8;-7-23-30-32-36-;-8-12-;0;0;0;1;3;406714,9;6;13;21935,9;14;60;1480,3;249;1186;137,9;457;2328;74,3;597;3014;40,3;6854;33839;17,9;11433;56573;11,9;29957;142207;8,8;35447;177849;8,5;165355;810020;5,9;431681;2047679;3,7;1;1948,7;3;519,6;93;20,9;179;10,8;2524;1,9;4269;3;13331;4,6;22215;12,8;59730;2,6;528659;2,6;SY 373 9746;
20211014;MARDI   ;16/02/2021;7;18/05/2021;30;25;29;9;5;6;7;-5-9-25-29-30-;-6-7-;0;0;0;1;5;200974,1;3;17;13814,9;15;75;975,3;348;1515;88,9;592;2740;51,9;651;3204;31,2;8189;38901;12,8;13976;62736;8,8;26266;124483;8,3;39536;193196;6,5;186066;850401;4,6;342689;1678423;3,8;0;0;4;680,3;108;13,9;214;7;2902;1,3;4927;2;14140;3,3;22067;10;66011;1,8;476811;2,3;RC 048 0036;
20211015;VENDREDI;19/02/2021;8;21/05/2021;25;48;4;46;12;12;7;-4-12-25-46-48-;-7-12-;0;0;0;2;9;177571,4;3;15;24900,8;19;65;1789,8;473;1645;130,2;849;3260;69,4;940;3619;43,9;12709;46931;16,9;19859;73511;12;43863;165838;9,9;66686;249124;8;291007;1070213;5,8;643174;2450775;4,1;2;1559,3;9;277,2;175;17,8;332;9,3;4834;1,6;7111;2,9;25073;3,9;40248;11,3;105031;2,4;926213;2,4;PC 315 9670;
20211016;MARDI   ;23/02/2021;9;25/05/2021;30;9;39;18;45;3;1;-9-18-30-39-45-;-1-3-;0;0;0;0;6;3519853,7;0;9;37306,4;17;69;1515,6;434;1662;115,9;765;3152;64,6;939;3869;36,9;11195;46060;15,5;18214;72114;11;40465;161187;9,2;62448;252839;7,1;251409;1002759;5,6;554386;2239261;4;0;0;6;809,2;158;17;275;9,8;4062;1,6;6450;2,8;22320;3,8;37227;10,5;89621;2,4;801452;2,4;PI 915 7042;
20211017;VENDREDI;26/02/2021;10;28/05/2021;6;12;22;29;33;11;6;-6-12-22-29-33-;-6-11-;0;1;210000000;3;12;2494703,8;11;35;11695,7;33;108;1180,5;732;2406;97,6;1311;4760;52,1;1575;5419;32,1;17861;63073;13,8;29202;101722;9,5;64848;227281;7,9;84861;310363;7;370590;1334324;5,1;848606;3053393;3,6;1;3533,4;12;235,5;282;12,5;493;7,1;6377;1,3;10498;2,2;31325;3,5;47650;10,8;134916;2,1;960604;2,6;KF 243 5930;
20211018;MARDI   ;02/03/2021;1;01/06/2021;24;49;19;26;2;6;7;-2-19-24-26-49-;-6-7-;0;0;0;0;2;296930,7;0;5;27759;6;30;1441;180;712;111,8;358;1537;54,7;374;1470;40,2;4829;21358;13,8;8142;33011;9,9;14486;64927;9,4;25683;114577;6,4;110452;471779;4,9;201547;928312;4;0;0;5;387,5;72;14,9;136;7,9;1852;1,4;3309;2,1;10456;3,2;16354;9,6;43957;2;356354;2,1;NS 960 1970;
20211019;VENDREDI;05/03/2021;2;04/06/2021;4;46;5;39;48;7;10;-4-5-39-46-48-;-7-10-;0;0;0;1;3;267994,9;0;5;37580,8;3;23;2544,6;101;638;168,9;319;1451;78,5;271;1338;59,8;5196;22791;17,5;6351;30928;14,4;13513;68082;12,2;31818;133487;7,5;107415;499764;6,3;235398;1129766;4,5;0;0;0;0;45;89,4;137;10,4;2096;1,7;2593;3,7;12598;3,5;22241;9,4;43070;2,7;448629;2,3;OM 097 5007;
20211020;MARDI   ;09/03/2021;3;08/06/2021;16;21;33;32;1;11;12;-1-16-21-32-33-;-11-12-;0;0;0;0;2;306703,5;0;5;28672,6;5;41;1089,1;85;477;172,4;192;1043;83,3;256;1386;44;2810;15161;20,1;4546;23387;14,5;13416;67182;9,4;15170;80486;9,5;69691;351440;6,8;218161;1035128;3,7;0;0;3;651,8;42;25,8;69;15,7;1208;2,2;1873;3,8;6369;5,3;10660;14,8;29082;3;263579;2,9;WG 461 7511;
20211021;VENDREDI;12/03/2021;4;11/06/2021;11;4;6;44;9;10;11;-4-6-9-11-44-;-10-11-;0;0;0;1;7;123876,4;4;13;15589,5;7;35;1803,5;286;1098;105,9;354;1749;70,2;849;3167;27,2;4782;24117;17,9;10247;44346;10,8;33016;131304;6,8;22726;120258;9;126272;579055;5,9;392642;1684823;3,2;1;1468,7;4;293,7;117;12,5;144;10,1;1957;1,8;4092;2,4;9220;5;14217;15;50468;2,4;357030;2,9;PH 942 4010;
20211022;MARDI   ;16/03/2021;5;15/06/2021;32;25;23;47;35;2;6;-23-25-32-35-47-;-2-6-;0;0;0;0;4;165026,6;0;6;25712,9;5;40;1201,3;133;628;140,9;333;1686;55,5;287;1362;48,2;5026;25162;13;5746;29856;12,2;12051;65078;10,4;29495;140955;5,8;87321;446089;5,8;180715;963090;4,3;0;0;5;397,8;55;20;114;9,6;1947;1,4;2290;3,2;11282;3;20754;7,7;33710;2,7;356950;2,2;BL 534 9058;
20211023;VENDREDI;19/03/2021;6;18/06/2021;35;44;43;9;3;10;1;-3-9-35-43-44-;-1-10-;0;0;0;1;4;220250,3;1;6;34317,4;5;26;2466,7;123;707;167,1;285;1527;81,7;362;1820;48,2;4690;22752;19,2;7017;33727;14,5;18358;88534;10,2;26421;124513;8,8;112463;530063;6,5;299348;1406445;3,9;0;0;1;2695,6;46;32,5;101;14,8;1923;1,9;2754;3,6;10531;4,4;17783;12,2;43945;2,8;399687;2,7;US 442 8833;
20211024;MARDI   ;23/03/2021;7;22/06/2021;2;26;29;36;49;3;9;-2-26-29-36-49-;-3-9-;0;0;0;0;3;236598;2;8;20736,3;8;33;1565,7;144;628;151,5;385;1756;57,3;275;1354;52,2;5960;28140;12,5;6271;30210;13;13123;65288;11,2;35215;161700;5,4;98323;473034;5,9;206974;990928;4,5;0;0;1;2156,6;54;22,1;120;9,9;2262;1,3;2369;3,3;13179;2,8;23475;7,4;37236;2,6;376263;2,3;GI 739 3104;
20211025;VENDREDI;26/03/2021;8;25/06/2021;49;12;50;10;37;8;3;-10-12-37-49-50-;-3-8-;0;0;0;2;5;202737,6;2;21;11281,6;13;55;1341,6;216;1013;134,1;548;2595;55,3;488;2161;46,7;8988;40468;12,4;10644;47140;11,9;22682;100247;10,4;50479;225736;5,6;165613;716203;5,5;348445;1509225;4,2;0;0;5;657,3;77;23,7;220;8,3;3200;1,4;3978;3;18144;3,1;30697;8,6;61388;2,4;560282;2,3;LJ 741 9751;
20211026;MARDI   ;30/03/2021;9;29/06/2021;42;24;29;28;27;8;4;-24-27-28-29-42-;-4-8-;0;0;0;0;4;200288,1;0;4;46810,6;11;39;1495,4;166;765;140,4;439;2156;52,6;331;1573;50,7;7026;33349;11,9;7832;37459;11,8;16685;81606;10,1;38448;182285;5,5;124370;586711;5,3;267355;1261780;4;0;0;4;593,3;64;20,6;153;8,6;2463;1,3;2921;3;13867;2,9;20614;9,3;46022;2,3;374426;2,5;RQ 559 8594;
20211027;VENDREDI;02/04/2021;10;02/07/2021;21;47;4;40;34;2;5;-4-21-34-40-47-;-2-5-;0;1;144755907;0;1;1027964,6;2;8;30031,5;10;44;1700,7;189;1015;135,8;498;2498;58,3;441;2147;47,6;8470;38360;13,3;9800;45644;12,5;20963;95022;11,1;50788;220716;5,8;154107;694744;5,8;323808;1435512;4,5;0;0;3;1157,1;86;22,4;196;9,8;3003;1,6;3710;3,4;17990;3,3;33697;8,3;57970;2,7;619232;2,2;JU 837 6212;
20211028;MARDI   ;06/04/2021;1;06/07/2021;50;21;37;38;2;8;7;-2-21-37-38-50-;-7-8-;0;0;0;0;3;171378,8;1;2;60081;2;20;1871,3;72;421;163,7;189;982;74,2;193;952;53,7;2950;15459;16,5;4149;21900;13;8239;44909;11,8;18318;88631;7,2;70663;354897;5,7;134846;696508;4,6;0;0;0;0;29;87,8;72;12,6;1237;1,8;1689;3,6;7322;3,9;13222;10;28614;2,6;320982;2;EC 415 4458;
20211029;VENDREDI;09/04/2021;2;09/07/2021;44;8;35;32;2;8;11;-2-8-32-35-44-;-8-11-;0;0;0;0;3;247364,3;7;13;13341,4;6;26;2077,7;165;777;128;324;1520;69,2;345;1662;44,4;4110;21426;17,2;6935;34882;11,8;15908;76962;9,9;21885;114624;8,1;100067;492560;5,9;233128;1114677;4,2;0;0;2;1168,7;60;21,6;148;8,7;1706;1,9;2783;3,1;9120;4,4;15160;12,5;40381;2,6;361123;2,6;QL 627 3053;
20211030;MARDI   ;13/04/2021;3;13/07/2021;47;16;31;50;20;8;2;-16-20-31-47-50-;-2-8-;0;0;0;0;0;0;3;9;78273,2;5;31;1340,8;94;536;142,8;249;1318;61,4;190;1115;51;4506;22013;12,9;4385;24079;13,1;10037;52748;11,1;27641;133290;5,3;71854;364122;6,1;158880;804157;4,5;0;0;2;892,4;37;26,8;94;10,5;1787;1,3;1763;3,7;11011;2,8;20466;7;28833;2,8;312124;2,3;PG 009 8337;
20211031;VENDREDI;16/04/2021;4;16/07/2021;29;11;40;48;6;9;5;-6-11-29-40-48-;-5-9-;0;0;0;0;5;154073,8;1;5;36009,5;9;51;1099,6;152;767;134,6;458;2212;49,3;354;1682;45,6;6515;32527;11,7;7591;36313;11,7;16126;75862;10,5;35469;180117;5,3;115809;551262;5,5;243000;1136433;4,3;0;0;5;472,9;49;26,8;162;8,1;2355;1,3;2989;2,9;12792;3,2;21849;8,7;44375;2,4;396656;2,4;KU 471 4103;
20211032;MARDI   ;20/04/2021;5;20/07/2021;28;46;17;5;41;11;10;-5-17-28-41-46-;-10-11-;0;1;68414615;0;3;200125;2;7;20045,3;3;28;1560,9;142;639;125,9;213;1141;74,5;324;1568;38,1;2911;15930;18,7;5265;26236;12,7;14599;69173;8,9;15123;83399;9;74427;369576;6,4;209637;1000036;3,8;0;0;2;912,4;53;19,1;84;12;1153;2,1;2060;3,2;6206;5,1;10065;14,7;29744;2,8;256490;2,8;ND 401 3611;
20211033;VENDREDI;23/04/2021;1;23/07/2021;29;19;15;3;14;2;8;-3-14-15-19-29-;-2-8-;0;0;0;1;5;136455,9;1;9;17717,7;13;68;730,4;193;979;93,4;602;2697;35,8;476;2186;31;8394;37526;9;9340;41712;9;20638;93109;7,5;39724;181368;4,7;122045;555053;4,8;267762;1216697;3,5;0;0;3;707,7;67;17,6;221;5,3;3173;0,9;3600;2,1;15173;2,4;21916;7,8;46799;2;332652;2,5;KZ 186 1003;
20211034;MARDI   ;27/04/2021;2;27/07/2021;13;49;14;24;35;1;10;-13-14-24-35-49-;-1-10-;0;0;0;0;2;267062,2;0;1;124833,7;5;21;1851,5;92;490;146,1;201;977;77,5;199;1182;45;2839;14222;18,7;4266;22290;13,3;11211;58745;9,4;14952;75911;8,8;66263;330528;6,3;176669;883871;3,8;0;0;3;535,3;35;25,4;87;10,2;1160;1,9;1752;3,4;6220;4,5;10157;12,8;26729;2,7;233202;2,7;CS 269 2623;
20211035;VENDREDI;30/04/2021;3;30/07/2021;1;28;24;46;16;11;2;-1-16-24-28-46-;-2-11-;0;0;0;0;3;281487;0;10;19736,4;7;55;1117,7;130;794;142,6;323;1872;63,9;381;1936;43,4;4787;26918;15,6;6844;38059;12,3;17500;90986;9,6;25669;143162;7,3;100966;556634;5,9;251389;1322178;4;0;0;2;1145;51;24,9;139;9,1;1991;1,5;2741;3,1;10461;3,8;17771;10,4;40320;2,6;357309;2,5;JI 173 8621;
20211036;MARDI   ;04/05/2021;4;03/08/2021;46;13;10;28;3;11;4;-3-10-13-28-46-;-4-11-;0;0;0;0;3;188139,9;4;12;10992,8;7;32;1284;149;670;112,9;265;1366;58,5;411;1802;31,2;3426;18248;15,4;6266;29362;10,6;17079;76213;7,6;17026;91973;7,6;83782;404486;5,5;216940;1014527;3,5;0;0;1;1691,2;54;17,3;109;8,6;1415;1,6;2505;2,5;7000;4,2;11276;12,1;33329;2,3;248339;2,7;IP 493 9062;
20211037;VENDREDI;07/05/2021;5;06/08/2021;33;38;47;22;14;9;8;-14-22-33-38-47-;-8-9-;0;1;69463976;1;4;198903,4;3;8;23243,5;7;39;1485;204;1031;103,4;345;1687;66,8;403;2125;37,2;4397;23019;17,2;8258;41841;10,5;17713;85768;9,5;24115;126706;7,8;110303;567932;5,5;235301;1177496;4,2;1;1323,8;3;353;90;14,7;142;9,3;1734;1,9;3182;2,7;9773;4,2;17488;11;42461;2,5;420266;2,2;ON 789 2710;
20211038;MARDI   ;11/05/2021;1;10/08/2021;14;46;43;34;25;6;5;-14-25-34-43-46-;-5-6-;0;0;0;0;1;507955,6;2;5;23743,5;4;19;1946,1;110;498;136,7;187;998;72,1;183;1005;50,3;2719;15462;16,3;4401;22890;12,3;8617;46031;11,4;15789;88416;7,1;65159;338989;5,9;129681;674594;4,7;0;0;2;780,6;46;18,8;80;10,8;1091;1,9;1787;3,2;6281;4,3;12043;10,5;25956;2,7;292408;2,1;MY 017 0036;
20211039;VENDREDI;14/05/2021;2;13/08/2021;6;38;29;16;18;6;11;-6-16-18-29-38-;-6-11-;0;0;0;2;4;172797,8;2;7;23077,5;7;32;1572,3;158;800;115,8;362;1732;56,5;356;1830;37,6;4979;24464;14;7506;35541;10,8;17118;80947;8,8;23611;116601;7,4;101842;491563;5,5;236399;1134203;3,8;0;0;4;512,2;64;17,7;148;7,6;2077;1,3;2966;2,5;9800;3,6;15380;10,8;40080;2,3;308295;2,6;HJ 787 6281;
20211040;MARDI   ;18/05/2021;3;17/08/2021;13;39;40;38;5;4;12;-5-13-38-39-40-;-4-12-;0;0;0;0;1;542038,1;0;2;63341,6;0;18;2192,1;81;460;158;165;900;85,3;209;1138;47,4;2550;14120;19,1;3947;21583;13,9;10559;55601;10;13977;75896;8,9;63578;330144;6,4;170170;869002;3,9;0;0;0;0;34;74,2;81;11,1;1084;2;1605;3,7;5899;4,8;9981;13,1;25689;2,8;241379;2,7;NG 483 3243;
20211041;VENDREDI;21/05/2021;4;20/08/2021;9;13;35;2;15;10;3;-2-9-13-15-35-;-3-10-;0;0;0;2;5;149387,9;2;5;34914,4;8;43;1264,5;195;842;118,9;407;1830;57,8;475;2005;37,1;5942;25929;14,3;8743;39484;10,5;21621;94556;8,1;29721;133141;7;122079;561023;5,2;289972;1318698;3,6;0;0;4;564,4;76;16,5;143;8,7;2285;1,3;3373;2,4;11740;3,3;17631;10,3;46658;2,2;342203;2,6;MJ 580 8475;
20211042;MARDI   ;25/05/2021;5;24/08/2021;38;21;26;1;30;8;2;-1-21-26-30-38-;-2-8-;0;0;0;0;0;0;1;3;234077,1;6;28;1479,8;99;550;138,7;334;1669;48,3;240;1136;49,9;4983;25385;11,1;5303;27184;11,6;11340;57873;10,1;28045;139240;5,1;78644;403152;5,5;168006;872777;4,1;0;0;4;400;36;24,6;134;6,6;1933;1,1;2089;2,8;10780;2,5;18370;7;30435;2,4;267617;2,4;AN 097 3344;
20211043;VENDREDI;28/05/2021;6;27/08/2021;16;40;13;11;34;1;12;-11-13-16-34-40-;-1-12-;0;0;0;1;4;198582,2;1;8;23205,9;4;23;2514,1;124;667;159,6;245;1460;77,1;333;1812;43,6;4202;21591;18,3;5806;31367;14;16709;89013;9,2;23138;119317;8,3;91443;476856;6,5;270008;1364346;3,7;0;0;3;761,4;46;27,5;106;11,9;1735;1,8;2297;3,7;9715;4,1;15723;11,7;35976;2,9;313345;2,9;JO 710 8313;
20211044;MARDI   ;01/06/2021;7;31/08/2021;35;10;44;3;26;7;6;-3-10-26-35-44-;-6-7-;0;0;0;1;4;157524,1;1;14;10518,8;8;26;1764,1;169;772;109,4;280;1508;59,2;292;1527;41,1;4841;22450;13,9;7189;33487;10,4;13518;66919;9,7;26700;124879;6,3;105266;479419;5,1;195346;954097;4,1;0;0;4;476,7;60;17,6;119;8,9;1903;1,3;2673;2,6;9973;3,3;17161;9;39997;2,1;353193;2,1;OW 729 3397;
20211045;VENDREDI;04/06/2021;Super Jackpot et tirages suivants;03/09/2021;40;20;36;46;7;2;4;-7-20-36-40-46-;-2-4-;0;1;130000000;1;3;422567,4;3;15;19752,1;10;69;1337,4;278;1181;143,9;655;2623;68,5;560;2458;51,3;10247;41510;15,2;13146;54563;12,9;28419;118452;11;58215;232145;6,8;206525;843437;5,9;445125;1836279;4,3;0;0;5;905,4;117;21,4;246;10,2;3813;1,6;5076;3,3;21664;3,6;37432;9,8;78453;2,6;777029;2,3;GK 266 0524;
20211046;MARDI   ;08/06/2021;1;07/09/2021;47;26;2;36;11;9;7;-2-11-26-36-47-;-7-9-;0;0;0;0;3;169023,9;0;3;39503,6;6;29;1272,8;93;521;130,5;326;1302;55,2;216;1101;45,8;4646;20252;12,4;5294;24558;11,4;9896;48064;10,9;26711;113013;5,6;79038;367540;5,4;149904;721818;4,4;0;0;2;811,9;43;20,9;117;7,7;1820;1,2;2098;2,8;10324;2,7;17907;7,3;31370;2,3;295278;2,2;KE 956 9754;
20211047;VENDREDI;11/06/2021;2;10/09/2021;17;33;9;21;39;7;11;-9-17-21-33-39-;-7-11-;1;1;30382655;0;7;99796,3;8;17;9604;5;68;747,8;246;1160;80,7;422;2095;47,2;483;2449;28,4;5648;26487;13,1;9306;43854;8,8;19612;93506;7,7;27216;128929;6,7;121178;551033;5;254992;1189088;3,7;0;0;3;752,9;90;13,9;156;8;2226;1,4;3567;2,3;10916;3,6;16834;10,8;47118;2,1;369698;2,4;NO 049 7049;
20211048;MARDI   ;15/06/2021;1;14/09/2021;30;31;11;26;21;2;3;-11-21-26-30-31-;-2-3-;0;0;0;0;2;241573,8;0;6;18819,9;6;32;1099,1;146;727;89,1;243;1243;55,1;285;1339;35,9;3182;16157;14,8;6488;30482;8,8;12158;58911;8,4;16304;83088;7,2;84541;400903;4,7;159921;771992;3,9;0;0;3;500,9;52;16;86;9,7;1277;1,6;2402;2,3;6382;4,1;11018;11;33126;2;264635;2,2;HW 514 9335;
20211049;VENDREDI;18/06/2021;2;17/09/2021;27;20;41;11;30;3;5;-11-20-27-30-41-;-3-5-;0;0;0;0;7;96928,2;4;8;19822;12;61;809,7;193;916;99,3;550;2570;37,4;369;1808;37,3;7355;33949;9,9;8454;40030;9,4;16612;76478;9,1;35902;171005;4,9;118570;554561;4,8;228836;1061478;4;0;0;3;698,1;76;15,3;169;6,8;2690;1;3128;2,4;12726;2,8;20727;8,1;44837;2,1;354576;2,3;RV 533 2111;
20211050;MARDI   ;22/06/2021;3;21/09/2021;27;24;26;6;41;8;3;-6-24-26-27-41-;-3-8-;0;0;0;1;1;517837,3;1;3;40342,3;4;26;1449,8;105;537;129,3;278;1503;48,8;184;1098;46,9;4280;22412;11,5;5122;25742;11,1;10262;53604;9,9;23850;121431;5,3;77852;386296;5,2;159598;801213;4,1;0;0;2;768;43;19,8;115;7,4;1656;1,2;2055;2,7;8882;3;14488;8,5;30596;2,3;260100;2,3;JX 716 1550;
20211051;VENDREDI;25/06/2021;4;24/09/2021;33;29;36;1;30;12;3;-1-29-30-33-36-;-3-12-;0;0;0;0;0;0;1;7;126640,6;4;24;2179,5;89;523;184,2;193;1177;86,5;223;1203;59,5;3337;18343;19,5;5068;26737;14,9;12466;63393;11,7;18769;100417;8,9;84972;432899;6,5;210190;1049471;4,3;0;0;2;1065,8;45;26,3;85;13,9;1393;2,1;1989;3,9;7600;4,9;13115;13,1;33443;2,9;334315;2,5;JE 105 2161;
20211052;MARDI   ;29/06/2021;5;28/09/2021;6;12;24;20;48;6;5;-6-12-20-24-48-;-5-6-;0;0;0;2;5;111254,2;1;5;26001,9;9;55;736,2;247;1139;65,4;350;1745;45,1;474;1863;29,7;4398;21751;12,7;8409;36620;8,4;14745;66073;8,7;19897;104567;6,6;101789;464731;4,7;189145;881402;4;0;0;2;821,6;95;9,6;132;6,9;1743;1,3;3273;1,8;7665;3,7;11196;11,9;39179;1,9;275061;2,4;BL 604 3203;
20211053;VENDREDI;02/07/2021;6;01/10/2021;49;29;38;9;14;7;10;-9-14-29-38-49-;-7-10-;0;1;77959528;1;2;423174,2;2;7;28257,9;16;41;1502,7;207;969;117,1;419;2020;59,3;368;2069;40,7;5521;27338;15,4;8264;42415;11;17393;94868;9,2;28903;145272;7,2;112590;590518;5,6;240729;1317318;4;0;0;6;372,6;94;13,2;147;8,4;2198;1,4;3205;2,5;11286;3,4;18555;9,7;43731;2,3;377189;2,3;OM 594 3615;
20211054;MARDI   ;06/07/2021;1;05/10/2021;2;42;5;27;21;9;11;-2-5-21-27-42-;-9-11-;0;1;17000000;1;2;241620,4;0;6;18823,5;5;23;1529,4;121;584;110,9;195;1103;62,1;292;1417;33,9;2765;15104;15,9;5323;25950;10,3;13722;63521;7,8;13829;76100;7,9;71885;356761;5,3;185381;870053;3,5;1;829,5;3;221,2;39;21,2;71;11,6;1149;1,8;2155;2,5;5856;4,4;9333;12,9;29338;2,3;220007;2,7;JB 310 7646;
20211055;VENDREDI;09/07/2021;1;08/10/2021;37;19;6;36;49;11;4;-6-19-36-37-49-;-4-11-;0;0;0;1;2;319379,4;1;5;29857,7;6;31;1499,9;107;577;148,4;236;1306;69,3;265;1318;48,2;3302;18096;17,5;5074;25590;13,8;12192;61276;10,7;18529;98577;8,1;78903;393624;6,4;199326;959979;4,2;1;1092,3;2;436,9;40;27,3;100;10,9;1392;1,9;2080;3,5;7889;4,3;13357;11,9;31680;2,8;305223;2,6;LQ 838 5498;
20211056;MARDI   ;13/07/2021;2;12/10/2021;22;11;6;8;5;3;4;-5-6-8-11-22-;-3-4-;0;1;26482986;1;5;99002,3;5;17;6805,4;12;67;537,8;350;1233;53,8;383;1676;41,8;699;2587;19;4032;19398;12,7;9525;38766;7;20139;81167;6,3;17286;87429;7;103746;458457;4,2;208484;924406;3,4;1;854,7;8;85,4;143;5,9;127;6,7;1572;1,3;3710;1,5;6758;3,9;10050;12,4;40371;1,7;245592;2,5;GX 336 1769;
20211057;VENDREDI;16/07/2021;1;15/10/2021;47;5;16;42;49;3;11;-5-16-42-47-49-;-3-11-;0;0;0;2;5;123838,4;0;4;36178,8;4;28;1609,8;109;544;152,6;253;1262;69,5;218;1144;53,9;3423;18008;17,1;4878;25421;13,5;11242;56981;11,2;19710;100104;7,7;74960;390232;6,2;180569;888347;4,4;1;1036,2;2;414,5;41;25,2;104;9,9;1432;1,8;1947;3,5;8357;3,9;14060;10,7;30007;2,8;304616;2,4;OF 263 5041;
20211058;MARDI   ;20/07/2021;2;19/10/2021;19;48;3;41;12;6;9;-3-12-19-41-48-;-6-9-;0;0;0;1;4;120206,1;0;5;22475,3;5;28;1250;93;495;130,2;306;1445;47,1;234;1131;42,3;4262;20443;11,7;5092;24133;11;10649;51440;9,6;21348;106277;5,6;73592;357031;5,3;155305;760337;4;0;0;2;714,3;40;19,8;114;6,9;1746;1,1;2068;2,5;8206;3;12897;8,9;29203;2,2;235017;2,4;AM 956 8370;
20211059;VENDREDI;23/07/2021;3;22/10/2021;34;50;26;23;24;4;2;-23-24-26-34-50-;-2-4-;0;0;0;0;0;0;1;7;116054;5;32;1497,9;96;527;167,5;275;1459;63,9;210;1203;54,5;4489;22745;14,4;5542;29694;12,3;11215;62673;10,8;26140;128849;6,4;90208;469135;5,5;183307;982592;4,2;0;0;2;964,6;38;28,2;116;9,2;1733;1,5;2273;3,1;9819;3,4;16295;9,6;34500;2,5;333409;2,3;IH 676 1920;
20211060;MARDI   ;27/07/2021;4;26/10/2021;19;21;25;5;9;12;10;-5-9-19-21-25-;-10-12-;0;0;0;1;4;130748,8;5;22;5556;7;29;1312,8;172;701;100;229;1136;65,2;713;3077;16,9;2687;14194;18,3;5679;26730;10,8;22622;101650;5,3;12757;68940;9,5;68461;336665;6,1;244559;1154418;2,8;1;848,1;2;339,2;78;10,8;94;9;1125;1,8;2296;2,4;5297;5;8211;15;27890;2,5;192856;3,1;JA 020 0146;
20211061;VENDREDI;30/07/2021;5;29/10/2021;23;10;35;33;37;5;10;-10-23-33-35-37-;-5-10-;0;0;0;0;2;364049,2;0;10;17016,8;5;37;1432,5;149;829;117,7;281;1766;58,4;306;1737;41,7;4323;24831;14,6;6227;34600;11,6;14756;77234;9,7;23972;131983;6,9;94069;502696;5,7;218587;1133827;4;0;0;2;1048,7;53;21,9;112;10,4;1705;1,7;2458;3,1;9413;3,8;14920;11,4;36346;2,6;329328;2,5;QW 014 7486;
20211062;MARDI   ;03/08/2021;6;02/11/2021;46;23;45;21;17;7;11;-17-21-23-45-46-;-7-11-;0;0;0;0;3;193278,1;1;7;19359,5;4;28;1507,5;110;570;136,4;260;1367;60,1;210;1262;45,7;3976;21882;13,1;5357;28177;11,4;10975;59138;10,1;20795;108734;6,6;83601;424487;5,3;176829;913172;4;0;0;1;1693,5;38;24,7;106;8,8;1571;1,4;2103;2,9;8246;3,5;13376;10,2;32459;2,3;284393;2,4;VF 519 7424;
20211063;VENDREDI;06/08/2021;7;05/11/2021;32;21;7;26;14;12;4;-7-14-21-26-32-;-4-12-;0;0;0;0;8;99092;4;17;10898,5;6;34;1697,3;202;1156;91,9;346;1663;67,5;629;3552;22,2;4108;22313;17,6;8435;43955;10;23675;121748;6,7;20886;113718;8,7;109472;548208;5,7;298934;1458856;3,4;0;0;3;766,2;92;13,8;153;8,3;1701;1,8;3288;2,6;8661;4,6;13810;13,5;42226;2,4;330316;2,8;RJ 112 5381;
20211064;MARDI   ;10/08/2021;8;09/11/2021;47;9;48;49;37;2;7;-9-37-47-48-49-;-2-7-;0;0;0;0;0;0;0;5;159798,6;4;27;1746,1;98;541;160,5;291;1464;62,7;172;1159;55,6;5146;24538;13,1;5307;27053;13,2;10775;57882;11,5;33007;146686;5,5;82829;414997;6,1;164762;862282;4,7;0;0;2;948,8;43;24,5;120;8,7;1971;1,3;2016;3,5;12457;2,6;23871;6,4;31966;2,7;359503;2,1;CL 903 3732;
20211065;VENDREDI;13/08/2021;9;12/11/2021;49;44;47;12;6;8;12;-6-12-44-47-49-;-8-12-;0;1;113156128;1;5;221900,2;0;3;86436,2;6;44;1835,6;228;935;159,1;466;2008;78,3;502;2148;51,4;7099;30340;18,2;10874;45411;13,5;26559;108054;10,6;37865;164079;8,4;169364;698112;6,2;419543;1697705;4,1;1;2073,1;3;552,8;98;21,1;177;11,7;2841;1,8;4158;3,3;14906;4,3;23917;12,6;64174;2,6;568129;2,6;OJ 202 7087;
20211066;MARDI   ;17/08/2021;1;16/11/2021;47;12;41;42;31;6;4;-12-31-41-42-47-;-4-6-;0;0;0;0;1;478210,5;1;6;18627,6;0;17;2047,7;59;396;161,9;213;1062;63,8;140;879;54,1;3686;16616;14,3;3500;19110;13,9;7493;40811;12,1;22087;97577;6,1;58108;298416;6,3;125272;655080;4,6;0;0;0;0;25;90,8;82;9,8;1436;1,4;1405;3,8;8762;2,9;15687;7,5;23514;2,8;251049;2,3;CX 053 7204;
20211067;VENDREDI;20/08/2021;2;19/11/2021;3;19;9;20;23;11;9;-3-9-19-20-23-;-9-11-;0;0;0;2;6;109566,6;1;12;12803,7;6;42;1139,4;328;1309;67,3;397;1844;50,5;672;2801;23,3;4283;23380;14;9975;46025;7,9;23939;106470;6,3;18670;106081;7,7;113383;554276;4,6;280585;1305852;3,1;0;0;3;650,7;133;8,1;160;6,7;1800;1,5;3900;1,8;7888;4,3;11517;13,7;45214;1,9;276227;2,8;VM 238 8638;
20211068;MARDI   ;24/08/2021;3;23/11/2021;21;36;44;19;50;3;10;-19-21-36-44-50-;-3-10-;0;0;0;0;1;512584,1;0;4;29949,8;2;14;2665,3;90;513;133,9;196;1088;66,7;198;1101;46,3;2899;15634;16,3;4619;28240;10;9755;56666;9,3;16815;87604;7,3;60492;337024;6;141403;771144;4,2;0;0;1;1530,5;39;21,8;78;10,9;1266;1,6;1940;2,9;7162;3,7;12709;9,7;25357;2,7;249562;2,4;VU 587 4053;
20211069;VENDREDI;27/08/2021;4;26/11/2021;31;46;3;50;2;12;8;-2-3-31-46-50-;-8-12-;0;0;0;0;0;0;0;6;146580,9;11;29;1789,4;75;514;185,9;199;1212;83,3;207;1287;55,1;3039;18015;19,7;4551;26816;14,7;10811;64454;11,4;17307;98442;9;74628;420407;6,6;191865;1043071;4,3;0;0;3;693,1;37;31,2;81;14,2;1362;2,1;1955;3,9;7562;4,8;13113;12,8;31379;3;318783;2,6;BY 136 1121;
20211070;MARDI   ;31/08/2021;5;30/11/2021;17;5;32;13;43;2;10;-5-13-17-32-43-;-2-10-;1;3;21214762;0;2;275986,4;3;12;10750,4;7;32;1255,6;141;720;102,8;263;1348;58;357;1859;29,5;3856;18459;14,8;5898;29147;10,5;14488;73331;7,7;18734;91842;7,5;78831;398312;5,4;191765;980564;3,5;0;0;1;1646,8;53;17,2;100;9,1;1628;1,4;2320;2,6;7906;3,6;12315;10,8;31615;2,3;251228;2,6;RK 713 6808;
20211071;VENDREDI;03/09/2021;1;03/12/2021;5;13;29;35;7;3;7;-5-7-13-29-35-;-3-7-;0;0;0;2;12;54980,5;2;7;22028,3;25;114;421,3;336;1349;65,5;1059;4933;18,9;472;2062;31,8;12380;57297;5,7;12011;52470;6,9;18561;86583;7,8;48893;228457;3,6;137477;630803;4,1;230477;1128625;3,7;2;546,9;6;145,8;114;9,5;408;2,6;4498;0,6;4543;1,6;18083;1,9;23121;6,9;53880;1,6;326328;2,4;KM 548 4193;
20211072;MARDI   ;07/09/2021;2;07/12/2021;42;7;19;35;43;7;9;-7-19-35-42-43-;-7-9-;0;1;26572332;0;3;166558,5;2;7;16683,2;9;41;887,1;133;654;102,4;387;1719;41,2;242;1271;39,1;5384;24562;10,1;5398;27743;10;9636;50390;10,2;26789;121431;5,1;78982;396556;4,9;139722;727146;4,3;0;0;6;250,7;47;17,7;156;5,3;2154;0,9;2194;2,5;10440;2,5;15934;7,6;31863;2,1;265072;2,2;GK 745 4753;
20211073;VENDREDI;10/09/2021;1;10/12/2021;6;7;28;18;1;2;8;-1-6-7-18-28-;-2-8-;0;0;0;2;5;127306,6;4;16;9298;19;86;538,8;278;1028;83;712;2859;31,5;612;2343;27;8426;36393;8,7;9666;40988;8,6;22143;92523;7,1;35940;163738;4,8;119706;531205;4,7;260660;1163970;3,4;1;1076,4;7;123;112;9,6;255;4,2;3242;0,8;3737;1,9;13716;2,4;19565;8;46657;1,9;298352;2,6;SX 431 4676;
20211074;MARDI   ;14/09/2021;2;14/12/2021;12;38;45;18;35;2;8;-12-18-35-38-45-;-2-8-;0;0;0;0;3;164473,4;1;1;115320,4;10;24;1496,6;108;475;139,2;286;1384;50,5;184;1019;48,2;4343;21603;11,3;4441;22064;12,4;9254;47353;10,7;24622;119659;5,1;67621;334955;5,8;143515;719187;4,3;0;0;2;752,6;54;15,4;104;8;1720;1,2;1820;3;9828;2,6;17467;6,9;27222;2,5;253824;2,3;ST 166 4887;
20211075;VENDREDI;17/09/2021;3;17/12/2021;10;7;5;8;34;9;1;-5-7-8-10-34-;-1-9-;0;0;0;1;2;348150,6;4;13;12518,2;17;62;817,5;232;887;105,2;567;2384;41,4;486;2032;34,1;6865;29898;11,5;8970;40330;9,5;22221;96460;7,4;30640;141575;6,1;119531;551567;4,9;281249;1291010;3,4;1;1138,9;9;101,2;96;11,8;214;5,3;2411;1,1;3460;2,2;11189;3,2;15606;10,6;45991;2;300103;2,7;EG 935 7027;
20211076;MARDI   ;21/09/2021;4;21/12/2021;20;25;26;30;38;8;2;-20-25-26-30-38-;-2-8-;0;0;0;1;2;274869,5;0;3;42827,6;5;30;1333,9;116;621;118,7;356;1692;46;231;1168;46,8;5024;24791;11;4915;26134;11,6;10537;56056;10,1;27838;136014;5;76441;388839;5,5;163015;842501;4,1;0;0;0;0;50;50,6;146;6,1;1939;1,1;2003;3;11005;2,5;18780;7;30636;2,4;272152;2,4;BS 245 9803;
20211077;VENDREDI;24/09/2021;Super Jackpot et tirages suivants;24/12/2021;27;12;20;2;41;10;12;-2-12-20-27-41-;-10-12-;0;0;0;1;5;259151,2;4;13;23295,3;7;51;1849,5;354;1327;130,9;573;2540;72,3;1088;3929;32,8;8529;36399;17,7;14623;58376;12,3;43486;165561;8;42739;187120;8,6;195539;804602;6,3;580154;2298981;3,5;1;2452,8;3;654;155;15,8;233;10,5;3512;1,7;5801;2,8;17260;4,4;27380;13;77399;2,6;615413;2,8;FB 984 4292;
20211078;MARDI   ;28/09/2021;6;28/12/2021;12;7;6;33;39;7;1;-6-7-12-33-39-;-1-7-;0;0;0;1;4;225472,9;1;1;210786,9;11;47;1396,9;232;964;125,4;666;2467;51,8;464;2137;42;10404;37666;11,9;12491;49107;10,2;24650;103133;9;51260;188980;5,9;185226;725287;4,9;370606;1518558;3,7;1;1727,6;4;345,5;83;20,8;255;6,7;3869;1,1;4792;2,4;19443;2,7;26263;9,6;70367;2;494709;2,5;NX 614 4402;
20211079;VENDREDI;01/10/2021;7;01/12/2021;1;19;15;48;26;6;12;-1-15-19-26-48-;-6-12-;0;0;0;2;7;174231,4;1;16;17815,3;19;54;1644,1;326;1267;129;653;2540;68;774;3003;40,4;9376;36320;16,7;13636;54580;12,4;34530;137241;9,1;48807;190019;8;199506;798724;6;504198;2008099;3,8;1;2417;8;241,7;122;19,8;276;8,7;3772;1,6;5447;2,9;19949;3,8;32964;10,7;78093;2,5;661919;2,6;JN 932 7034;
20211080;MARDI   ;05/10/2021;8;05/12/2021;45;14;36;13;11;7;9;-11-13-14-36-45-;-7-9-;0;0;0;0;1;1033822,9;0;4;60405,3;20;61;1233,7;221;978;141,7;790;2802;52,3;472;2054;50,1;12128;44193;11,6;12392;50287;11,4;24393;100508;10,6;64809;235077;5,5;199504;783281;5,2;389964;1560164;4,2;0;0;7;539,2;94;22,3;309;6,7;4663;1,1;4758;2,9;24705;2,6;37571;8,1;76161;2,2;642513;2,3;NM 905 6314;
20211081;VENDREDI;08/10/2021;9;08/12/2021;10;42;23;46;1;3;5;-1-10-23-42-46-;-3-5-;0;0;0;1;9;166984,9;7;23;15271,4;18;78;1402,6;360;1547;130,2;1026;4027;52,9;785;3194;46,8;15355;62333;12;17928;72563;11,5;38760;151970;10,2;84600;343913;5,4;271879;1094972;5,4;570294;2257847;4,2;0;0;8;670,1;158;18,8;375;7,9;5636;1,3;6753;2,9;30529;3;50978;8,5;102872;2,3;906709;2,3;BH 058 0251;
20211082;MARDI   ;12/10/2021;10;12/12/2021;13;45;22;6;49;10;11;-6-13-22-45-49-;-10-11-;0;0;0;2;9;1315699,9;6;25;14703,3;21;78;1467,8;418;1567;134,5;680;3035;73,4;1066;3971;39,4;9797;44764;17,5;16821;70710;12,3;44422;178170;9,1;52240;237961;8,2;244587;1020988;6;639533;2584226;3,8;0;0;8;680,1;167;18,1;274;11;3845;1,9;6586;3;20761;4,5;33252;13,2;95765;2,6;806623;2,7;HI 479 6198;
20211083;VENDREDI;15/10/2021;11;15/12/2021;49;21;26;34;31;5;2;-21-26-31-34-49-;-2-5-;1;1;220000000;1;7;4608445,7;3;13;33931,7;21;97;1416,4;369;1630;155,2;993;4413;60,6;773;3579;52,5;15516;68202;13,7;18662;82993;12,6;39959;178081;10,9;89948;384869;6,1;296467;1290335;5,7;632118;2730160;4,3;1;3711,1;9;329,8;133;27,9;384;9,6;5828;1,5;7244;3,4;33656;3,4;60227;8,9;115108;2,6;1160332;2,3;UL 815 5842;
20211084;MARDI   ;19/10/2021;1;19/12/2021;40;4;36;41;20;1;6;-4-20-36-40-41-;-1-6-;0;0;0;0;4;135573,4;2;5;25348,5;10;27;1462,1;88;447;162,6;203;981;78,3;198;996;54,2;3362;15725;17,1;4149;20587;14,6;9620;47669;11,7;19826;90618;7,4;70045;327664;6,5;156319;750694;4,5;0;0;5;380;36;29,3;87;12,1;1377;1,9;1802;3,9;8123;4;15476;9,9;29494;2,9;325349;2,3;FL 466 0828;
20211085;VENDREDI;22/10/2021;2;22/12/2021;33;12;17;39;22;2;12;-12-17-22-33-39-;-2-12-;0;0;0;0;2;359277,2;1;12;13994,8;5;26;2011,8;147;865;111,3;341;1471;69,2;453;2286;31,3;4541;20875;17,1;7910;36139;11;20514;96218;7,7;22601;102778;8,7;112399;505361;5,6;285810;1286325;3,5;0;0;1;2442,9;52;26,1;150;9;2014;1,6;3243;2,8;10228;4,1;15198;13;47021;2,3;361595;2,7;QZ 850 6716;
20211086;MARDI   ;26/10/2021;3;26/12/2021;12;44;42;15;20;2;1;-12-15-20-42-44-;-1-2-;0;0;0;0;3;181891,5;1;6;21255,5;8;23;1727,1;125;745;98,2;237;1115;69,3;273;1232;44,1;3351;16605;16,3;5781;26132;11,6;12487;58287;9,6;17671;87663;7,7;87589;394546;5,4;188884;884029;3,9;0;0;5;357,7;44;22,5;110;9;1400;1,7;2521;2,6;7316;4,2;11656;12,4;36301;2,2;288249;2,5;CP 970 9549;
20211087;VENDREDI;29/10/2021;4;29/12/2021;28;10;32;15;49;9;3;-10-15-28-32-49-;-3-9-;0;0;0;1;5;155676,2;2;6;30320;13;54;1049,3;190;868;120,2;494;2259;48,8;363;1762;44;7503;33767;11,4;8388;38760;11,1;17205;80265;10;41479;187159;5,2;123200;567616;5,4;260428;1184940;4,1;1;1466,6;5;234,6;84;17,4;190;7,7;2918;1,2;3485;2,8;16777;2,7;27383;7,8;49956;2,4;439797;2,4;UF 931 7777;
20211088;MARDI   ;02/11/2021;5;02/01/2022;29;43;2;3;17;4;1;-2-3-17-29-43-;-1-4-;0;0;0;1;2;286677,1;3;9;14889,1;3;23;1814,7;136;666;115,4;255;1306;62,2;317;1511;37,7;3726;18106;15,7;5886;28511;11,1;14057;67606;8,7;19726;94282;7,6;86781;412990;5,4;203390;969695;3,7;1;1034,5;1;827,6;51;20,2;98;10,5;1540;1,6;2501;2,7;8109;4;12870;11,7;35345;2,4;290679;2,5;KI 802 3707;
20211089;VENDREDI;05/11/2021;6;05/01/2022;41;25;2;12;30;11;8;-2-12-25-30-41-;-8-11-;0;0;0;0;5;161374,4;1;11;17143,5;6;30;1957,9;177;885;122,2;328;1654;69,1;441;2206;36,4;4786;23785;16,8;8278;38610;11,6;21046;94863;8,7;25611;126840;7,9;117189;548191;5,8;297917;1327463;3,8;0;0;2;1342,6;86;17,3;137;10,8;2029;1,8;3404;2,9;10904;4,3;18430;11,8;48065;2,5;414931;2,6;RP 633 2218;
20211090;MARDI   ;09/11/2021;7;09/01/2022;33;25;36;26;17;8;1;-17-25-26-33-36-;-1-8-;0;0;0;0;1;651028,5;6;8;19019,5;7;23;2060,5;129;588;148,4;323;1431;64,4;322;1475;43,9;4359;20724;15,6;6182;29969;12;14800;72476;9,2;24586;112801;7,2;93406;444087;5,7;218716;1047359;3,9;0;0;3;724,6;60;20,1;110;10,9;1768;1,7;2479;3,2;9950;3,8;16943;10,4;38243;2,6;351578;2,4;IM 785 5464;
20211091;VENDREDI;12/11/2021;8;12/01/2022;50;15;9;47;2;9;6;-2-9-15-47-50-;-6-9-;0;0;0;1;3;294755,3;4;10;20666,7;11;38;1693,9;173;879;134,9;540;2252;55,6;365;1786;49,3;7857;36380;12,1;9034;41559;11,8;18783;89086;10,2;41381;190793;5,8;138826;631438;5,5;290844;1347420;4,1;0;0;7;415,8;62;26;232;6,9;3080;1,3;3671;2,9;16169;3,1;25611;9,2;55437;2,4;487142;2,4;MC 718 7149;
20211092;MARDI   ;16/11/2021;9;16/01/2022;9;32;36;19;21;4;3;-9-19-21-32-36-;-3-4-;0;0;0;1;4;180375,1;1;9;18736,2;6;31;1694,2;177;924;104,7;320;1727;59,2;365;1826;39,3;4650;24055;14,9;8031;40494;9,8;15948;80527;9,2;24812;125935;7,1;118470;572426;4,9;237147;1150170;3,9;0;0;2;1136,8;56;22,5;125;10,1;1892;1,6;3152;2,6;9664;4,1;15603;11,8;46525;2,2;385664;2,3;EW 964 8565;
20211093;VENDREDI;19/11/2021;10;19/01/2022;50;26;47;22;38;6;2;-22-26-38-47-50-;-2-6-;0;0;0;2;2;493896,8;2;5;46172,7;6;49;1467,5;192;858;154,3;540;2424;57,7;426;2266;43,4;8227;36558;13,4;9209;43673;12,5;19565;95105;10,7;47478;205647;6;139493;644602;6;291946;1404040;4,4;0;0;3;1098,9;81;22,6;220;8,3;3150;1,4;3607;3,4;18113;3,1;32757;8,1;55544;2,7;590000;2,2;GX 143 6592;
20211094;MARDI   ;23/11/2021;11;23/01/2022;21;17;42;36;46;10;7;-17-21-36-42-46-;-7-10-;0;0;0;0;2;397120,9;1;8;23203,4;4;40;1445,4;158;831;128,1;352;1796;62,6;322;1819;43,4;5402;25664;15,4;7114;36160;12,2;15243;78528;10,4;31485;141863;7;108984;534870;5,8;231620;1170306;4,3;0;0;1;2476,4;71;19,3;149;9,2;2123;1,6;2725;3,3;12578;3,4;22791;8,8;42838;2,6;431208;2,3;NW 865 5429;
20211095;VENDREDI;26/11/2021;12;26/01/2022;50;20;41;42;1;3;7;-1-20-41-42-50-;-3-7-;1;1;162289050;0;7;152675,6;1;7;35682,8;8;42;1852,3;194;927;154,6;489;2410;62,8;423;2039;52,2;9317;43207;12,3;8509;43094;13,7;18835;95975;11,5;62513;279019;4,7;142841;684207;6,1;295521;1461450;4,6;0;0;2;1693,9;66;28,5;188;10;3567;1,3;3452;3,6;23298;2,5;46179;5,9;57372;2,7;628123;2,1;JA 859 0214;
20211096;MARDI   ;30/11/2021;1;30/01/2022;43;19;33;26;20;4;1;-19-20-26-33-43-;-1-4-;0;0;0;0;1;523711,8;0;3;40800;5;23;1657,5;105;493;142,4;212;1049;70,7;234;1105;47,2;3247;16002;16,3;4910;23029;12,6;11199;53637;10,1;18284;86639;7,5;74404;352475;5,8;172381;826573;4;0;0;1;1749,2;40;24,2;96;10,1;1346;1,8;2087;3,1;7620;4;12417;11,4;31426;2,5;277013;2,5;EY 114 1489;
20211097;VENDREDI;03/12/2021;Super Jackpot et tirages suivants;02/02/2022;46;21;32;22;29;9;10;-21-22-29-32-46-;-9-10-;0;0;0;1;6;197329,2;4;9;30746;8;45;1915,3;232;1029;154,2;476;2095;80,1;537;2401;49,1;7086;31282;18,8;11894;50869;12,9;27540;116931;10,4;38830;168029;8,8;185932;774721;6;438556;1816954;4,1;1;2498,9;3;666,3;102;24,4;198;12,6;3070;2;4990;3,3;16621;4,7;27933;13;76764;2,6;718197;2,5;CX 763 3302;
20211098;MARDI   ;07/12/2021;3;06/02/2022;22;31;46;47;38;7;11;-22-31-38-46-47-;-7-11-;0;1;143469842;0;2;418527,2;5;8;24454,1;2;38;1603,5;163;744;150,8;340;1666;71,2;348;1596;52,2;5668;26098;15,9;7946;36010;12,9;16582;77524;11,1;31700;147002;7,1;117279;534527;6,1;249494;1156075;4,6;0;0;1;2871,2;60;26,5;147;10,8;2209;1,8;3227;3,3;12917;3,8;23821;9,7;47713;2,7;511775;2,2;LT 173 6325;
20211099;VENDREDI;10/12/2021;1;09/02/2022;11;21;42;38;33;8;2;-11-21-33-38-42-;-2-8-;0;0;0;0;1;702913,6;2;9;18253,6;11;51;1003,3;183;858;109,8;531;2416;41,2;388;1868;37,4;7916;34309;10,2;8054;36195;10,7;17411;78448;9,2;41368;177263;4,9;117705;511808;5,4;253415;1114785;4;0;0;6;431,3;75;19,1;206;6,9;3225;1,1;3344;2,8;16656;2,7;28720;7,3;48640;2,4;429739;2,4;GF 813 6344;
20211100;MARDI   ;14/12/2021;2;13/02/2022;37;19;47;21;48;3;6;-19-21-37-47-48-;-3-6-;0;0;0;1;0;268761,2;1;0;25125,5;4;0;1397,4;119;0;134,7;299;0;59,6;202;0;47,7;4640;0;13,3;4880;0;12,4;10288;0;10,9;27218;0;5,8;77932;0;5,6;161657;0;4,3;0;0;2;924,6;48;21,4;116;8,8;1952;1,3;2051;3,3;11085;2,9;19923;7,5;33066;2,5;324962;2,2;BW 078 6554;